Название,Страна,Тип,Высота/размер,Год постройки,Краткое описание,Google Maps,Координаты,Фото,Мифы/легенды/известные люди,Визовый режим (для граждан Украины)
"Караколь, Каана",Белиз,пирамида,~43 м,ок. 500 н.э.,Главная пирамида города Караколь.,https://www.google.com/maps/search/?api=1&query=16.763800%2C-89.117800,"16.763800, -89.117800",https://www.google.com/search?tbm=isch&q=%D0%9A%D0%B0%D1%80%D0%B0%D0%BA%D0%BE%D0%BB%D1%8C%2C+%D0%9A%D0%B0%D0%B0%D0%BD%D0%B0+%D0%91%D0%B5%D0%BB%D0%B8%D0%B7,«Небесный дворец».,без виз (обычно до 90 дней)
"Xunantunich, Эль Кастильо",Белиз,пирамида,~40 м,ок. 700–850 н.э.,Пирамида над рекой Мопан.,https://www.google.com/maps/search/?api=1&query=17.089000%2C-89.141900,"17.089000, -89.141900",https://www.google.com/search?tbm=isch&q=Xunantunich%2C+%D0%AD%D0%BB%D1%8C+%D0%9A%D0%B0%D1%81%D1%82%D0%B8%D0%BB%D1%8C%D0%BE+%D0%91%D0%B5%D0%BB%D0%B8%D0%B7,Легенда о Каменной Деве.,без виз (обычно до 90 дней)
"Lamanai, High Temple",Белиз,пирамида,~33 м,I до н.э. — VI н.э.,Доминирует над лагуной Нью‑Ривер.,https://www.google.com/maps/search/?api=1&query=17.752000%2C-88.654000,"17.752000, -88.654000",https://www.google.com/search?tbm=isch&q=Lamanai%2C+High+Temple+%D0%91%D0%B5%D0%BB%D0%B8%D0%B7,Долгая обитаемость.,без виз (обычно до 90 дней)
Акапана (Тиуанако),Боливия,пирамида,~18 м (сохр.),300–1000 н.э.,Террасная пирамида‑платформа.,https://www.google.com/maps/search/?api=1&query=-16.557800%2C-68.679300,"-16.557800, -68.679300",https://www.google.com/search?tbm=isch&q=%D0%90%D0%BA%D0%B0%D0%BF%D0%B0%D0%BD%D0%B0+%28%D0%A2%D0%B8%D1%83%D0%B0%D0%BD%D0%B0%D0%BA%D0%BE%29+%D0%91%D0%BE%D0%BB%D0%B8%D0%B2%D0%B8%D1%8F,Дренажная система.,виза может потребоваться
"Эль Мирадор, Ла Данта",Гватемала,пирамида,~72 м (общая),III–I вв. до н.э.,Майянский центр в джунглях.,https://www.google.com/maps/search/?api=1&query=17.760000%2C-90.155500,"17.760000, -90.155500",https://www.google.com/search?tbm=isch&q=%D0%AD%D0%BB%D1%8C+%D0%9C%D0%B8%D1%80%D0%B0%D0%B4%D0%BE%D1%80%2C+%D0%9B%D0%B0+%D0%94%D0%B0%D0%BD%D1%82%D0%B0+%D0%93%D0%B2%D0%B0%D1%82%D0%B5%D0%BC%D0%B0%D0%BB%D0%B0,Царства Петена.,без виз на короткий срок
"Тикаль, Храм IV",Гватемала,пирамида,~65–70 м,741 н.э.,Майянский центр в джунглях.,https://www.google.com/maps/search/?api=1&query=17.226500%2C-89.636000,"17.226500, -89.636000",https://www.google.com/search?tbm=isch&q=%D0%A2%D0%B8%D0%BA%D0%B0%D0%BB%D1%8C%2C+%D0%A5%D1%80%D0%B0%D0%BC+IV+%D0%93%D0%B2%D0%B0%D1%82%D0%B5%D0%BC%D0%B0%D0%BB%D0%B0,Царства Петена.,без виз на короткий срок
"Эль Мирадор, Эль Тигре",Гватемала,пирамида,~55 м,III–I вв. до н.э.,Майянский центр в джунглях.,https://www.google.com/maps/search/?api=1&query=17.757000%2C-90.151000,"17.757000, -90.151000",https://www.google.com/search?tbm=isch&q=%D0%AD%D0%BB%D1%8C+%D0%9C%D0%B8%D1%80%D0%B0%D0%B4%D0%BE%D1%80%2C+%D0%AD%D0%BB%D1%8C+%D0%A2%D0%B8%D0%B3%D1%80%D0%B5+%D0%93%D0%B2%D0%B0%D1%82%D0%B5%D0%BC%D0%B0%D0%BB%D0%B0,Царства Петена.,без виз на короткий срок
"Тикаль, Храм I (Большого Ягуара)",Гватемала,пирамида,~47 м,ок. 732 н.э.,Майянский центр в джунглях.,https://www.google.com/maps/search/?api=1&query=17.221900%2C-89.622800,"17.221900, -89.622800",https://www.google.com/search?tbm=isch&q=%D0%A2%D0%B8%D0%BA%D0%B0%D0%BB%D1%8C%2C+%D0%A5%D1%80%D0%B0%D0%BC+I+%28%D0%91%D0%BE%D0%BB%D1%8C%D1%88%D0%BE%D0%B3%D0%BE+%D0%AF%D0%B3%D1%83%D0%B0%D1%80%D0%B0%29+%D0%93%D0%B2%D0%B0%D1%82%D0%B5%D0%BC%D0%B0%D0%BB%D0%B0,Царства Петена.,без виз на короткий срок
"Накбе, Структура 1",Гватемала,пирамида,~45 м,IV–I вв. до н.э.,Майянский центр в джунглях.,https://www.google.com/maps/search/?api=1&query=17.634000%2C-89.933000,"17.634000, -89.933000",https://www.google.com/search?tbm=isch&q=%D0%9D%D0%B0%D0%BA%D0%B1%D0%B5%2C+%D0%A1%D1%82%D1%80%D1%83%D0%BA%D1%82%D1%83%D1%80%D0%B0+1+%D0%93%D0%B2%D0%B0%D1%82%D0%B5%D0%BC%D0%B0%D0%BB%D0%B0,Царства Петена.,без виз на короткий срок
"Тикаль, Храм II",Гватемала,пирамида,~38 м,ок. 702 н.э.,Майянский центр в джунглях.,https://www.google.com/maps/search/?api=1&query=17.222800%2C-89.623400,"17.222800, -89.623400",https://www.google.com/search?tbm=isch&q=%D0%A2%D0%B8%D0%BA%D0%B0%D0%BB%D1%8C%2C+%D0%A5%D1%80%D0%B0%D0%BC+II+%D0%93%D0%B2%D0%B0%D1%82%D0%B5%D0%BC%D0%B0%D0%BB%D0%B0,Царства Петена.,без виз на короткий срок
"Копан, Храм 16",Гондурас,пирамида,~30 м,ок. 776 н.э.,Пирамида над храмом Rosalila.,https://www.google.com/maps/search/?api=1&query=14.845100%2C-89.142500,"14.845100, -89.142500",https://www.google.com/search?tbm=isch&q=%D0%9A%D0%BE%D0%BF%D0%B0%D0%BD%2C+%D0%A5%D1%80%D0%B0%D0%BC+16+%D0%93%D0%BE%D0%BD%D0%B4%D1%83%D1%80%D0%B0%D1%81,Иероглифическая лестница.,виза может потребоваться
Пирамида Эллиникон,Греция,пирамида,~3 м (сохр.),IV в. до н.э.,Каменное сооружение в Арголиде.,https://www.google.com/maps/search/?api=1&query=37.659400%2C22.725800,"37.659400, 22.725800",https://www.google.com/search?tbm=isch&q=%D0%9F%D0%B8%D1%80%D0%B0%D0%BC%D0%B8%D0%B4%D0%B0+%D0%AD%D0%BB%D0%BB%D0%B8%D0%BD%D0%B8%D0%BA%D0%BE%D0%BD+%D0%93%D1%80%D0%B5%D1%86%D0%B8%D1%8F,Споры о назначении.,"без виз (шенген, биопаспорт)"
Великая пирамида Хеопса (Great Pyramid of Giza),Египет,пирамида,138 м,ок. 2580–2560 до н.э.,Единственное уцелевшее чудо древнего мира.,https://www.google.com/maps/search/?api=1&query=29.979235%2C31.134202,"29.979235, 31.134202",https://www.google.com/search?tbm=isch&q=%D0%92%D0%B5%D0%BB%D0%B8%D0%BA%D0%B0%D1%8F+%D0%BF%D0%B8%D1%80%D0%B0%D0%BC%D0%B8%D0%B4%D0%B0+%D0%A5%D0%B5%D0%BE%D0%BF%D1%81%D0%B0+%28Great+Pyramid+of+Giza%29+%D0%95%D0%B3%D0%B8%D0%BF%D0%B5%D1%82,Хуфу (Хеопс); теории об ориентирах.,нужна виза (e‑Visa/по прибытии)
Пирамида Хафра (Pyramid of Khafre),Египет,пирамида,136 м,ок. 2570 до н.э.,"Вторая по высоте пирамида Гизы, рядом Великий Сфинкс.",https://www.google.com/maps/search/?api=1&query=29.976111%2C31.130556,"29.976111, 31.130556",https://www.google.com/search?tbm=isch&q=%D0%9F%D0%B8%D1%80%D0%B0%D0%BC%D0%B8%D0%B4%D0%B0+%D0%A5%D0%B0%D1%84%D1%80%D0%B0+%28Pyramid+of+Khafre%29+%D0%95%D0%B3%D0%B8%D0%BF%D0%B5%D1%82,Хафра; культ солнечного бога.,нужна виза (e‑Visa/по прибытии)
"Красная пирамида (Red Pyramid, Dahshur)",Египет,пирамида,105 м,ок. 2600 до н.э.,Ранняя «гладкая» пирамида фараона Снофру.,https://www.google.com/maps/search/?api=1&query=29.808300%2C31.205800,"29.808300, 31.205800",https://www.google.com/search?tbm=isch&q=%D0%9A%D1%80%D0%B0%D1%81%D0%BD%D0%B0%D1%8F+%D0%BF%D0%B8%D1%80%D0%B0%D0%BC%D0%B8%D0%B4%D0%B0+%28Red+Pyramid%2C+Dahshur%29+%D0%95%D0%B3%D0%B8%D0%BF%D0%B5%D1%82,Снофру; эксперименты с углами.,нужна виза (e‑Visa/по прибытии)
"Ломаная пирамида (Bent Pyramid, Dahshur)",Египет,пирамида,105 м,ок. 2600 до н.э.,Уникальный излом граней — переходная форма к истинной пирамиде.,https://www.google.com/maps/search/?api=1&query=29.790300%2C31.209200,"29.790300, 31.209200",https://www.google.com/search?tbm=isch&q=%D0%9B%D0%BE%D0%BC%D0%B0%D0%BD%D0%B0%D1%8F+%D0%BF%D0%B8%D1%80%D0%B0%D0%BC%D0%B8%D0%B4%D0%B0+%28Bent+Pyramid%2C+Dahshur%29+%D0%95%D0%B3%D0%B8%D0%BF%D0%B5%D1%82,Снофру; изменение угла наклона.,нужна виза (e‑Visa/по прибытии)
Пирамида Менкаура (Pyramid of Menkaure),Египет,пирамида,65 м,ок. 2510 до н.э.,"Наименьшая из трёх пирамид Гизы, гранитная облицовка низа.",https://www.google.com/maps/search/?api=1&query=29.972389%2C31.128308,"29.972389, 31.128308",https://www.google.com/search?tbm=isch&q=%D0%9F%D0%B8%D1%80%D0%B0%D0%BC%D0%B8%D0%B4%D0%B0+%D0%9C%D0%B5%D0%BD%D0%BA%D0%B0%D1%83%D1%80%D0%B0+%28Pyramid+of+Menkaure%29+%D0%95%D0%B3%D0%B8%D0%BF%D0%B5%D1%82,Менкаура; три пирамиды‑спутницы.,нужна виза (e‑Visa/по прибытии)
Пирамида в Мейдуме (Meidum),Египет,пирамида,~65 м (сохр.),ок. 2600 до н.э.,Экспериментальная конструкция; внешняя оболочка обрушилась.,https://www.google.com/maps/search/?api=1&query=29.388100%2C31.156900,"29.388100, 31.156900",https://www.google.com/search?tbm=isch&q=%D0%9F%D0%B8%D1%80%D0%B0%D0%BC%D0%B8%D0%B4%D0%B0+%D0%B2+%D0%9C%D0%B5%D0%B9%D0%B4%D1%83%D0%BC%D0%B5+%28Meidum%29+%D0%95%D0%B3%D0%B8%D0%BF%D0%B5%D1%82,Связана с Хуни/Снофру.,нужна виза (e‑Visa/по прибытии)
Ступенчатая пирамида Джосера (Saqqara),Египет,пирамида,62 м,ок. 2667–2648 до н.э.,"Первая каменная ступенчатая пирамида, архитектор Имхотеп.",https://www.google.com/maps/search/?api=1&query=29.871200%2C31.216600,"29.871200, 31.216600",https://www.google.com/search?tbm=isch&q=%D0%A1%D1%82%D1%83%D0%BF%D0%B5%D0%BD%D1%87%D0%B0%D1%82%D0%B0%D1%8F+%D0%BF%D0%B8%D1%80%D0%B0%D0%BC%D0%B8%D0%B4%D0%B0+%D0%94%D0%B6%D0%BE%D1%81%D0%B5%D1%80%D0%B0+%28Saqqara%29+%D0%95%D0%B3%D0%B8%D0%BF%D0%B5%D1%82,Имхотеп — мудрец и лечитель.,нужна виза (e‑Visa/по прибытии)
Пирамида Аменемхета III (Хауара),Египет,пирамида,~58 м (изнач.),ок. 1850 до н.э.,Близ «Лабиринта» Геродота в Фаюме.,https://www.google.com/maps/search/?api=1&query=29.237300%2C30.906700,"29.237300, 30.906700",https://www.google.com/search?tbm=isch&q=%D0%9F%D0%B8%D1%80%D0%B0%D0%BC%D0%B8%D0%B4%D0%B0+%D0%90%D0%BC%D0%B5%D0%BD%D0%B5%D0%BC%D1%85%D0%B5%D1%82%D0%B0+III+%28%D0%A5%D0%B0%D1%83%D0%B0%D1%80%D0%B0%29+%D0%95%D0%B3%D0%B8%D0%BF%D0%B5%D1%82,Среднее царство; миф о лабиринте.,нужна виза (e‑Visa/по прибытии)
Пирамида Тети (Saqqara),Египет,пирамида,~52 м (изнач.),ок. 2345–2333 до н.э.,"Сильно разрушена, содержит «Тексты пирамид».",https://www.google.com/maps/search/?api=1&query=29.872900%2C31.220300,"29.872900, 31.220300",https://www.google.com/search?tbm=isch&q=%D0%9F%D0%B8%D1%80%D0%B0%D0%BC%D0%B8%D0%B4%D0%B0+%D0%A2%D0%B5%D1%82%D0%B8+%28Saqqara%29+%D0%95%D0%B3%D0%B8%D0%BF%D0%B5%D1%82,Тети; VI династия.,нужна виза (e‑Visa/по прибытии)
Пирамида Ниусерра (Abusir),Египет,пирамида,~51 м (изнач.),ок. 2416–2392 до н.э.,Пирамида V династии с солнечным храмом.,https://www.google.com/maps/search/?api=1&query=29.900500%2C31.203900,"29.900500, 31.203900",https://www.google.com/search?tbm=isch&q=%D0%9F%D0%B8%D1%80%D0%B0%D0%BC%D0%B8%D0%B4%D0%B0+%D0%9D%D0%B8%D1%83%D1%81%D0%B5%D1%80%D1%80%D0%B0+%28Abusir%29+%D0%95%D0%B3%D0%B8%D0%BF%D0%B5%D1%82,Ниусерре; культ Ра.,нужна виза (e‑Visa/по прибытии)
Пирамида Усеркафа (Saqqara),Египет,пирамида,~49 м (изнач.),ок. 2494–2487 до н.э.,"Ранняя пирамида V династии, ныне сильно разрушена.",https://www.google.com/maps/search/?api=1&query=29.873600%2C31.218900,"29.873600, 31.218900",https://www.google.com/search?tbm=isch&q=%D0%9F%D0%B8%D1%80%D0%B0%D0%BC%D0%B8%D0%B4%D0%B0+%D0%A3%D1%81%D0%B5%D1%80%D0%BA%D0%B0%D1%84%D0%B0+%28Saqqara%29+%D0%95%D0%B3%D0%B8%D0%BF%D0%B5%D1%82,V династия и солнечные храмы.,нужна виза (e‑Visa/по прибытии)
Пирамида Сенусерта II (Лахун),Египет,пирамида,~48 м (изнач.),ок. 1895 до н.э.,Пирамида у посёлка Лахун в Фаюме.,https://www.google.com/maps/search/?api=1&query=29.245800%2C30.963700,"29.245800, 30.963700",https://www.google.com/search?tbm=isch&q=%D0%9F%D0%B8%D1%80%D0%B0%D0%BC%D0%B8%D0%B4%D0%B0+%D0%A1%D0%B5%D0%BD%D1%83%D1%81%D0%B5%D1%80%D1%82%D0%B0+II+%28%D0%9B%D0%B0%D1%85%D1%83%D0%BD%29+%D0%95%D0%B3%D0%B8%D0%BF%D0%B5%D1%82,Сенусерт II; скрытый вход.,нужна виза (e‑Visa/по прибытии)
Пирамида Сахура (Abusir),Египет,пирамида,~47 м (изнач.),ок. 2487–2475 до н.э.,Комплекс с рельефами морских экспедиций.,https://www.google.com/maps/search/?api=1&query=29.897800%2C31.203300,"29.897800, 31.203300",https://www.google.com/search?tbm=isch&q=%D0%9F%D0%B8%D1%80%D0%B0%D0%BC%D0%B8%D0%B4%D0%B0+%D0%A1%D0%B0%D1%85%D1%83%D1%80%D0%B0+%28Abusir%29+%D0%95%D0%B3%D0%B8%D0%BF%D0%B5%D1%82,Сахура; походы к Пунту.,нужна виза (e‑Visa/по прибытии)
Пирамида Унаса (Saqqara),Египет,пирамида,~43 м (изнач.),ок. 2375–2345 до н.э.,Первая с «Текстами пирамид» внутри.,https://www.google.com/maps/search/?api=1&query=29.868300%2C31.214700,"29.868300, 31.214700",https://www.google.com/search?tbm=isch&q=%D0%9F%D0%B8%D1%80%D0%B0%D0%BC%D0%B8%D0%B4%D0%B0+%D0%A3%D0%BD%D0%B0%D1%81%D0%B0+%28Saqqara%29+%D0%95%D0%B3%D0%B8%D0%BF%D0%B5%D1%82,Тексты загробного пути.,нужна виза (e‑Visa/по прибытии)
Боробудур,Индонезия,пирамида,~35 м,ок. 800–825 н.э.,Гигантская ступа‑пирамида с террасами.,https://www.google.com/maps/search/?api=1&query=-7.607900%2C110.203800,"-7.607900, 110.203800",https://www.google.com/search?tbm=isch&q=%D0%91%D0%BE%D1%80%D0%BE%D0%B1%D1%83%D0%B4%D1%83%D1%80+%D0%98%D0%BD%D0%B4%D0%BE%D0%BD%D0%B5%D0%B7%D0%B8%D1%8F,Династия Шайлендра.,без виз / eVOA (зависит от правил)
Зиккурат Дур‑Куригальзу (Акар‑Куф),Ирак,пирамида,~52 м (сохр.),ок. XIV в. до н.э.,Касситский зиккурат близ Багдада.,https://www.google.com/maps/search/?api=1&query=33.370000%2C44.140000,"33.370000, 44.140000",https://www.google.com/search?tbm=isch&q=%D0%97%D0%B8%D0%BA%D0%BA%D1%83%D1%80%D0%B0%D1%82+%D0%94%D1%83%D1%80%E2%80%91%D0%9A%D1%83%D1%80%D0%B8%D0%B3%D0%B0%D0%BB%D1%8C%D0%B7%D1%83+%28%D0%90%D0%BA%D0%B0%D1%80%E2%80%91%D0%9A%D1%83%D1%84%29+%D0%98%D1%80%D0%B0%D0%BA,Куригальзу.,нужна виза
Зиккурат Ура,Ирак,пирамида,~30 м (сохр.),ок. 2100 до н.э.,"Шумерский зиккурат, бог Нанна.",https://www.google.com/maps/search/?api=1&query=30.963000%2C46.104000,"30.963000, 46.104000",https://www.google.com/search?tbm=isch&q=%D0%97%D0%B8%D0%BA%D0%BA%D1%83%D1%80%D0%B0%D1%82+%D0%A3%D1%80%D0%B0+%D0%98%D1%80%D0%B0%D0%BA,Ассоциации с башней.,нужна виза
Зиккурат Чога‑Занбиль,Иран,пирамида,~25 м (сохр.),ок. 1250 до н.э.,Эламский зиккурат из обожжённого кирпича.,https://www.google.com/maps/search/?api=1&query=32.000000%2C48.521000,"32.000000, 48.521000",https://www.google.com/search?tbm=isch&q=%D0%97%D0%B8%D0%BA%D0%BA%D1%83%D1%80%D0%B0%D1%82+%D0%A7%D0%BE%D0%B3%D0%B0%E2%80%91%D0%97%D0%B0%D0%BD%D0%B1%D0%B8%D0%BB%D1%8C+%D0%98%D1%80%D0%B0%D0%BD,Иншушинак.,нужна виза
Пирамиды Гуимар (Тенерифе),Испания,пирамида,~6–12 м (террасы),XIX век,Ступенчатые террасы из лавового камня.,https://www.google.com/maps/search/?api=1&query=28.367200%2C-16.418400,"28.367200, -16.418400",https://www.google.com/search?tbm=isch&q=%D0%9F%D0%B8%D1%80%D0%B0%D0%BC%D0%B8%D0%B4%D1%8B+%D0%93%D1%83%D0%B8%D0%BC%D0%B0%D1%80+%28%D0%A2%D0%B5%D0%BD%D0%B5%D1%80%D0%B8%D1%84%D0%B5%29+%D0%98%D1%81%D0%BF%D0%B0%D0%BD%D0%B8%D1%8F,Тур Хейердал.,"без виз (шенген, биопаспорт)"
Пирамида Цестия,Италия,пирамида,~36 м,ок. 12 до н.э.,Гробница Гая Цестия у Аврелиевых стен.,https://www.google.com/maps/search/?api=1&query=41.875800%2C12.481100,"41.875800, 12.481100",https://www.google.com/search?tbm=isch&q=%D0%9F%D0%B8%D1%80%D0%B0%D0%BC%D0%B8%D0%B4%D0%B0+%D0%A6%D0%B5%D1%81%D1%82%D0%B8%D1%8F+%D0%98%D1%82%D0%B0%D0%BB%D0%B8%D1%8F,Египтомания эпохи Августа.,"без виз (шенген, биопаспорт)"
Кох Кер — пирамида Прасат Том,Камбоджа,пирамида,~36 м,ок. 928–944 н.э.,Семиступенчатая храм‑гора.,https://www.google.com/maps/search/?api=1&query=13.776500%2C104.344800,"13.776500, 104.344800",https://www.google.com/search?tbm=isch&q=%D0%9A%D0%BE%D1%85+%D0%9A%D0%B5%D1%80+%E2%80%94+%D0%BF%D0%B8%D1%80%D0%B0%D0%BC%D0%B8%D0%B4%D0%B0+%D0%9F%D1%80%D0%B0%D1%81%D0%B0%D1%82+%D0%A2%D0%BE%D0%BC+%D0%9A%D0%B0%D0%BC%D0%B1%D0%BE%D0%B4%D0%B6%D0%B0,Джайяварман IV.,e‑Visa/виза по прибытии
Баконг (Ролуос),Камбоджа,пирамида,~15 м,881 н.э.,Ранняя храм‑гора Ангкора.,https://www.google.com/maps/search/?api=1&query=13.335700%2C103.972500,"13.335700, 103.972500",https://www.google.com/search?tbm=isch&q=%D0%91%D0%B0%D0%BA%D0%BE%D0%BD%D0%B3+%28%D0%A0%D0%BE%D0%BB%D1%83%D0%BE%D1%81%29+%D0%9A%D0%B0%D0%BC%D0%B1%D0%BE%D0%B4%D0%B6%D0%B0,Индраварман I.,e‑Visa/виза по прибытии
Мавзолей Цинь Шихуана (курган‑пирамида),Китай,пирамида,~51 м (курган),ок. 246–208 до н.э.,Гробница первого императора; терракотовая армия.,https://www.google.com/maps/search/?api=1&query=34.384000%2C109.273000,"34.384000, 109.273000",https://www.google.com/search?tbm=isch&q=%D0%9C%D0%B0%D0%B2%D0%B7%D0%BE%D0%BB%D0%B5%D0%B9+%D0%A6%D0%B8%D0%BD%D1%8C+%D0%A8%D0%B8%D1%85%D1%83%D0%B0%D0%BD%D0%B0+%28%D0%BA%D1%83%D1%80%D0%B3%D0%B0%D0%BD%E2%80%91%D0%BF%D0%B8%D1%80%D0%B0%D0%BC%D0%B8%D0%B4%D0%B0%29+%D0%9A%D0%B8%D1%82%D0%B0%D0%B9,«Реки из ртути».,нужна виза
Гробница императрицы У (Зап. Хань),Китай,пирамида,~30–40 м (курган),II–I вв. до н.э.,Пирамидальный курган западноханьского некрополя под Сианем.,https://www.google.com/maps/search/?api=1&query=34.273000%2C108.854000,"34.273000, 108.854000",https://www.google.com/search?tbm=isch&q=%D0%93%D1%80%D0%BE%D0%B1%D0%BD%D0%B8%D1%86%D0%B0+%D0%B8%D0%BC%D0%BF%D0%B5%D1%80%D0%B0%D1%82%D1%80%D0%B8%D1%86%D1%8B+%D0%A3+%28%D0%97%D0%B0%D0%BF.+%D0%A5%D0%B0%D0%BD%D1%8C%29+%D0%9A%D0%B8%D1%82%D0%B0%D0%B9,Пирамиды Сианя.,нужна виза
Пирамида Солнца (Теотиуакан),Мексика,пирамида,~65 м,I–II вв. н.э.,Доколумбовый ритуальный комплекс.,https://www.google.com/maps/search/?api=1&query=19.692500%2C-98.843900,"19.692500, -98.843900",https://www.google.com/search?tbm=isch&q=%D0%9F%D0%B8%D1%80%D0%B0%D0%BC%D0%B8%D0%B4%D0%B0+%D0%A1%D0%BE%D0%BB%D0%BD%D1%86%D0%B0+%28%D0%A2%D0%B5%D0%BE%D1%82%D0%B8%D1%83%D0%B0%D0%BA%D0%B0%D0%BD%29+%D0%9C%D0%B5%D0%BA%D1%81%D0%B8%D0%BA%D0%B0,Кукулькан/Кецалькоатль и др.,нужна виза (SAE/консульская)
Структура II (Калакмуль),Мексика,пирамида,~45–50 м,VI–VIII вв. н.э.,Доколумбовый ритуальный комплекс.,https://www.google.com/maps/search/?api=1&query=18.105000%2C-89.822000,"18.105000, -89.822000",https://www.google.com/search?tbm=isch&q=%D0%A1%D1%82%D1%80%D1%83%D0%BA%D1%82%D1%83%D1%80%D0%B0+II+%28%D0%9A%D0%B0%D0%BB%D0%B0%D0%BA%D0%BC%D1%83%D0%BB%D1%8C%29+%D0%9C%D0%B5%D0%BA%D1%81%D0%B8%D0%BA%D0%B0,Кукулькан/Кецалькоатль и др.,нужна виза (SAE/консульская)
Пирамида Луны (Теотиуакан),Мексика,пирамида,~43 м,II–III вв. н.э.,Доколумбовый ритуальный комплекс.,https://www.google.com/maps/search/?api=1&query=19.699600%2C-98.844000,"19.699600, -98.844000",https://www.google.com/search?tbm=isch&q=%D0%9F%D0%B8%D1%80%D0%B0%D0%BC%D0%B8%D0%B4%D0%B0+%D0%9B%D1%83%D0%BD%D1%8B+%28%D0%A2%D0%B5%D0%BE%D1%82%D0%B8%D1%83%D0%B0%D0%BA%D0%B0%D0%BD%29+%D0%9C%D0%B5%D0%BA%D1%81%D0%B8%D0%BA%D0%B0,Кукулькан/Кецалькоатль и др.,нужна виза (SAE/консульская)
Нохоч‑Муль (Коба),Мексика,пирамида,~42 м,VII–VIII вв. н.э.,Доколумбовый ритуальный комплекс.,https://www.google.com/maps/search/?api=1&query=20.495000%2C-87.737500,"20.495000, -87.737500",https://www.google.com/search?tbm=isch&q=%D0%9D%D0%BE%D1%85%D0%BE%D1%87%E2%80%91%D0%9C%D1%83%D0%BB%D1%8C+%28%D0%9A%D0%BE%D0%B1%D0%B0%29+%D0%9C%D0%B5%D0%BA%D1%81%D0%B8%D0%BA%D0%B0,Кукулькан/Кецалькоатль и др.,нужна виза (SAE/консульская)
Пирамида Волшебника (Ушмаль),Мексика,пирамида,~35 м,VI–X вв. н.э.,Доколумбовый ритуальный комплекс.,https://www.google.com/maps/search/?api=1&query=20.359900%2C-89.768400,"20.359900, -89.768400",https://www.google.com/search?tbm=isch&q=%D0%9F%D0%B8%D1%80%D0%B0%D0%BC%D0%B8%D0%B4%D0%B0+%D0%92%D0%BE%D0%BB%D1%88%D0%B5%D0%B1%D0%BD%D0%B8%D0%BA%D0%B0+%28%D0%A3%D1%88%D0%BC%D0%B0%D0%BB%D1%8C%29+%D0%9C%D0%B5%D0%BA%D1%81%D0%B8%D0%BA%D0%B0,Кукулькан/Кецалькоатль и др.,нужна виза (SAE/консульская)
Эль Кастильо (Чичен‑Ица),Мексика,пирамида,~30 м,ок. 1050–1200 н.э.,Доколумбовый ритуальный комплекс.,https://www.google.com/maps/search/?api=1&query=20.683100%2C-88.568600,"20.683100, -88.568600",https://www.google.com/search?tbm=isch&q=%D0%AD%D0%BB%D1%8C+%D0%9A%D0%B0%D1%81%D1%82%D0%B8%D0%BB%D1%8C%D0%BE+%28%D0%A7%D0%B8%D1%87%D0%B5%D0%BD%E2%80%91%D0%98%D1%86%D0%B0%29+%D0%9C%D0%B5%D0%BA%D1%81%D0%B8%D0%BA%D0%B0,Кукулькан/Кецалькоатль и др.,нужна виза (SAE/консульская)
Великая пирамида Чолулы,Мексика,пирамида,~25 м (над платформой),III до н.э. — IX н.э.,Доколумбовый ритуальный комплекс.,https://www.google.com/maps/search/?api=1&query=19.057500%2C-98.301900,"19.057500, -98.301900",https://www.google.com/search?tbm=isch&q=%D0%92%D0%B5%D0%BB%D0%B8%D0%BA%D0%B0%D1%8F+%D0%BF%D0%B8%D1%80%D0%B0%D0%BC%D0%B8%D0%B4%D0%B0+%D0%A7%D0%BE%D0%BB%D1%83%D0%BB%D1%8B+%D0%9C%D0%B5%D0%BA%D1%81%D0%B8%D0%BA%D0%B0,Кукулькан/Кецалькоатль и др.,нужна виза (SAE/консульская)
Храм Надписей (Паленке),Мексика,пирамида,~23–27 м,ок. 675 н.э.,Доколумбовый ритуальный комплекс.,https://www.google.com/maps/search/?api=1&query=17.484200%2C-92.046400,"17.484200, -92.046400",https://www.google.com/search?tbm=isch&q=%D0%A5%D1%80%D0%B0%D0%BC+%D0%9D%D0%B0%D0%B4%D0%BF%D0%B8%D1%81%D0%B5%D0%B9+%28%D0%9F%D0%B0%D0%BB%D0%B5%D0%BD%D0%BA%D0%B5%29+%D0%9C%D0%B5%D0%BA%D1%81%D0%B8%D0%BA%D0%B0,Кукулькан/Кецалькоатль и др.,нужна виза (SAE/консульская)
Храм Пернатого Змея (Теотиуакан),Мексика,пирамида,~20 м,ок. 200 н.э.,Доколумбовый ритуальный комплекс.,https://www.google.com/maps/search/?api=1&query=19.676000%2C-98.842000,"19.676000, -98.842000",https://www.google.com/search?tbm=isch&q=%D0%A5%D1%80%D0%B0%D0%BC+%D0%9F%D0%B5%D1%80%D0%BD%D0%B0%D1%82%D0%BE%D0%B3%D0%BE+%D0%97%D0%BC%D0%B5%D1%8F+%28%D0%A2%D0%B5%D0%BE%D1%82%D0%B8%D1%83%D0%B0%D0%BA%D0%B0%D0%BD%29+%D0%9C%D0%B5%D0%BA%D1%81%D0%B8%D0%BA%D0%B0,Кукулькан/Кецалькоатль и др.,нужна виза (SAE/консульская)
Пирамида Ниш (Эль‑Тахин),Мексика,пирамида,~20 м,IX–X вв. н.э.,Доколумбовый ритуальный комплекс.,https://www.google.com/maps/search/?api=1&query=20.478600%2C-97.381100,"20.478600, -97.381100",https://www.google.com/search?tbm=isch&q=%D0%9F%D0%B8%D1%80%D0%B0%D0%BC%D0%B8%D0%B4%D0%B0+%D0%9D%D0%B8%D1%88+%28%D0%AD%D0%BB%D1%8C%E2%80%91%D0%A2%D0%B0%D1%85%D0%B8%D0%BD%29+%D0%9C%D0%B5%D0%BA%D1%81%D0%B8%D0%BA%D0%B0,Кукулькан/Кецалькоатль и др.,нужна виза (SAE/консульская)
Куикуилко (круглая пирамида),Мексика,пирамида,~18 м,до 250 н.э.,Доколумбовый ритуальный комплекс.,https://www.google.com/maps/search/?api=1&query=19.303300%2C-99.189000,"19.303300, -99.189000",https://www.google.com/search?tbm=isch&q=%D0%9A%D1%83%D0%B8%D0%BA%D1%83%D0%B8%D0%BB%D0%BA%D0%BE+%28%D0%BA%D1%80%D1%83%D0%B3%D0%BB%D0%B0%D1%8F+%D0%BF%D0%B8%D1%80%D0%B0%D0%BC%D0%B8%D0%B4%D0%B0%29+%D0%9C%D0%B5%D0%BA%D1%81%D0%B8%D0%BA%D0%B0,Кукулькан/Кецалькоатль и др.,нужна виза (SAE/консульская)
Пирамида B (Тула),Мексика,пирамида,~10 м,ок. 900–1100 н.э.,Доколумбовый ритуальный комплекс.,https://www.google.com/maps/search/?api=1&query=20.056500%2C-99.341300,"20.056500, -99.341300",https://www.google.com/search?tbm=isch&q=%D0%9F%D0%B8%D1%80%D0%B0%D0%BC%D0%B8%D0%B4%D0%B0+B+%28%D0%A2%D1%83%D0%BB%D0%B0%29+%D0%9C%D0%B5%D0%BA%D1%81%D0%B8%D0%BA%D0%B0,Кукулькан/Кецалькоатль и др.,нужна виза (SAE/консульская)
Хуака дель Соль,Перу,пирамида,~41 м (сохр.),I–VII вв. н.э.,Адобовая пирамида культуры Моче.,https://www.google.com/maps/search/?api=1&query=-8.110800%2C-79.028500,"-8.110800, -79.028500",https://www.google.com/search?tbm=isch&q=%D0%A5%D1%83%D0%B0%D0%BA%D0%B0+%D0%B4%D0%B5%D0%BB%D1%8C+%D0%A1%D0%BE%D0%BB%D1%8C+%D0%9F%D0%B5%D1%80%D1%83,Моче; росписи и жертвы.,без виз (до 90 дней)
Хуака де ла Луна,Перу,пирамида,~21 м,I–VII вв. н.э.,Ритуальная пирамида с фресками.,https://www.google.com/maps/search/?api=1&query=-8.119500%2C-79.022200,"-8.119500, -79.022200",https://www.google.com/search?tbm=isch&q=%D0%A5%D1%83%D0%B0%D0%BA%D0%B0+%D0%B4%D0%B5+%D0%BB%D0%B0+%D0%9B%D1%83%D0%BD%D0%B0+%D0%9F%D0%B5%D1%80%D1%83,Бог Айяпаэк.,без виз (до 90 дней)
"Караль, Пирамида Майор",Перу,пирамида,~18–28 м,ок. 2600–2000 до н.э.,Одна из древнейших пирамид Америки.,https://www.google.com/maps/search/?api=1&query=-10.892400%2C-77.518100,"-10.892400, -77.518100",https://www.google.com/search?tbm=isch&q=%D0%9A%D0%B0%D1%80%D0%B0%D0%BB%D1%8C%2C+%D0%9F%D0%B8%D1%80%D0%B0%D0%BC%D0%B8%D0%B4%D0%B0+%D0%9C%D0%B0%D0%B9%D0%BE%D1%80+%D0%9F%D0%B5%D1%80%D1%83,Норте‑Чико.,без виз (до 90 дней)
Monks Mound (Кахокия),США,курган,~30 м,ок. 1050 н.э.,Крупнейший земляной курган Северной Америки.,https://www.google.com/maps/search/?api=1&query=38.655500%2C-90.062300,"38.655500, -90.062300",https://www.google.com/search?tbm=isch&q=Monks+Mound+%28%D0%9A%D0%B0%D1%85%D0%BE%D0%BA%D0%B8%D1%8F%29+%D0%A1%D0%A8%D0%90,Культура Миссисипи.,ESTA/виза (B1/B2)
"Тазумаль, главная пирамида",Сальвадор,пирамида,~24 м,ок. 600–900 н.э.,Крупнейший доколумбовый комплекс страны.,https://www.google.com/maps/search/?api=1&query=13.984800%2C-89.674700,"13.984800, -89.674700",https://www.google.com/search?tbm=isch&q=%D0%A2%D0%B0%D0%B7%D1%83%D0%BC%D0%B0%D0%BB%D1%8C%2C+%D0%B3%D0%BB%D0%B0%D0%B2%D0%BD%D0%B0%D1%8F+%D0%BF%D0%B8%D1%80%D0%B0%D0%BC%D0%B8%D0%B4%D0%B0+%D0%A1%D0%B0%D0%BB%D1%8C%D0%B2%D0%B0%D0%B4%D0%BE%D1%80,Торговля в регионе.,виза может потребоваться
"Сан‑Андрес, акрополь",Сальвадор,пирамида,~20 м,ок. 600–900 н.э.,Пирамидальный акрополь в долине.,https://www.google.com/maps/search/?api=1&query=13.800200%2C-89.389400,"13.800200, -89.389400",https://www.google.com/search?tbm=isch&q=%D0%A1%D0%B0%D0%BD%E2%80%91%D0%90%D0%BD%D0%B4%D1%80%D0%B5%D1%81%2C+%D0%B0%D0%BA%D1%80%D0%BE%D0%BF%D0%BE%D0%BB%D1%8C+%D0%A1%D0%B0%D0%BB%D1%8C%D0%B2%D0%B0%D0%B4%D0%BE%D1%80,Центр Валье‑де‑Сапотитан.,виза может потребоваться
Meroe Additional Pyramid 1,Судан,пирамида,~12–22 м,III–I вв. до н.э.,Дополнительная нубийская пирамида в районе Мерое.,https://www.google.com/maps/search/?api=1&query=16.936674%2C33.746147,"16.936674, 33.746147",https://www.google.com/search?tbm=isch&q=Meroe+Additional+Pyramid+1+%D0%A1%D1%83%D0%B4%D0%B0%D0%BD,Кушитские правители.,нужна виза
Meroe Additional Pyramid 2,Судан,пирамида,~12–22 м,III–I вв. до н.э.,Дополнительная нубийская пирамида в районе Мерое.,https://www.google.com/maps/search/?api=1&query=16.936507%2C33.747060,"16.936507, 33.747060",https://www.google.com/search?tbm=isch&q=Meroe+Additional+Pyramid+2+%D0%A1%D1%83%D0%B4%D0%B0%D0%BD,Кушитские правители.,нужна виза
Meroe Additional Pyramid 3,Судан,пирамида,~12–22 м,III–I вв. до н.э.,Дополнительная нубийская пирамида в районе Мерое.,https://www.google.com/maps/search/?api=1&query=16.936834%2C33.748106,"16.936834, 33.748106",https://www.google.com/search?tbm=isch&q=Meroe+Additional+Pyramid+3+%D0%A1%D1%83%D0%B4%D0%B0%D0%BD,Кушитские правители.,нужна виза
Meroe Additional Pyramid 4,Судан,пирамида,~12–22 м,III–I вв. до н.э.,Дополнительная нубийская пирамида в районе Мерое.,https://www.google.com/maps/search/?api=1&query=16.937621%2C33.749220,"16.937621, 33.749220",https://www.google.com/search?tbm=isch&q=Meroe+Additional+Pyramid+4+%D0%A1%D1%83%D0%B4%D0%B0%D0%BD,Кушитские правители.,нужна виза
Meroe Additional Pyramid 5,Судан,пирамида,~12–22 м,III–I вв. до н.э.,Дополнительная нубийская пирамида в районе Мерое.,https://www.google.com/maps/search/?api=1&query=16.938779%2C33.750333,"16.938779, 33.750333",https://www.google.com/search?tbm=isch&q=Meroe+Additional+Pyramid+5+%D0%A1%D1%83%D0%B4%D0%B0%D0%BD,Кушитские правители.,нужна виза
Meroe Additional Pyramid 6,Судан,пирамида,~12–22 м,III–I вв. до н.э.,Дополнительная нубийская пирамида в районе Мерое.,https://www.google.com/maps/search/?api=1&query=16.940182%2C33.751375,"16.940182, 33.751375",https://www.google.com/search?tbm=isch&q=Meroe+Additional+Pyramid+6+%D0%A1%D1%83%D0%B4%D0%B0%D0%BD,Кушитские правители.,нужна виза
Meroe Additional Pyramid 7,Судан,пирамида,~12–22 м,III–I вв. до н.э.,Дополнительная нубийская пирамида в районе Мерое.,https://www.google.com/maps/search/?api=1&query=16.941674%2C33.752282,"16.941674, 33.752282",https://www.google.com/search?tbm=isch&q=Meroe+Additional+Pyramid+7+%D0%A1%D1%83%D0%B4%D0%B0%D0%BD,Кушитские правители.,нужна виза
Meroe Additional Pyramid 8,Судан,пирамида,~12–22 м,III–I вв. до н.э.,Дополнительная нубийская пирамида в районе Мерое.,https://www.google.com/maps/search/?api=1&query=16.943093%2C33.752997,"16.943093, 33.752997",https://www.google.com/search?tbm=isch&q=Meroe+Additional+Pyramid+8+%D0%A1%D1%83%D0%B4%D0%B0%D0%BD,Кушитские правители.,нужна виза
Meroe Additional Pyramid 9,Судан,пирамида,~12–22 м,III–I вв. до н.э.,Дополнительная нубийская пирамида в районе Мерое.,https://www.google.com/maps/search/?api=1&query=16.944281%2C33.753477,"16.944281, 33.753477",https://www.google.com/search?tbm=isch&q=Meroe+Additional+Pyramid+9+%D0%A1%D1%83%D0%B4%D0%B0%D0%BD,Кушитские правители.,нужна виза
Meroe Additional Pyramid 10,Судан,пирамида,~12–22 м,III–I вв. до н.э.,Дополнительная нубийская пирамида в районе Мерое.,https://www.google.com/maps/search/?api=1&query=16.945108%2C33.753690,"16.945108, 33.753690",https://www.google.com/search?tbm=isch&q=Meroe+Additional+Pyramid+10+%D0%A1%D1%83%D0%B4%D0%B0%D0%BD,Кушитские правители.,нужна виза
Meroe Additional Pyramid 11,Судан,пирамида,~12–22 м,III–I вв. до н.э.,Дополнительная нубийская пирамида в районе Мерое.,https://www.google.com/maps/search/?api=1&query=16.945483%2C33.753624,"16.945483, 33.753624",https://www.google.com/search?tbm=isch&q=Meroe+Additional+Pyramid+11+%D0%A1%D1%83%D0%B4%D0%B0%D0%BD,Кушитские правители.,нужна виза
Meroe Additional Pyramid 12,Судан,пирамида,~12–22 м,III–I вв. до н.э.,Дополнительная нубийская пирамида в районе Мерое.,https://www.google.com/maps/search/?api=1&query=16.945364%2C33.753284,"16.945364, 33.753284",https://www.google.com/search?tbm=isch&q=Meroe+Additional+Pyramid+12+%D0%A1%D1%83%D0%B4%D0%B0%D0%BD,Кушитские правители.,нужна виза
Meroe Additional Pyramid 13,Судан,пирамида,~12–22 м,III–I вв. до н.э.,Дополнительная нубийская пирамида в районе Мерое.,https://www.google.com/maps/search/?api=1&query=16.944765%2C33.752689,"16.944765, 33.752689",https://www.google.com/search?tbm=isch&q=Meroe+Additional+Pyramid+13+%D0%A1%D1%83%D0%B4%D0%B0%D0%BD,Кушитские правители.,нужна виза
Meroe Additional Pyramid 14,Судан,пирамида,~12–22 м,III–I вв. до н.э.,Дополнительная нубийская пирамида в районе Мерое.,https://www.google.com/maps/search/?api=1&query=16.943751%2C33.751877,"16.943751, 33.751877",https://www.google.com/search?tbm=isch&q=Meroe+Additional+Pyramid+14+%D0%A1%D1%83%D0%B4%D0%B0%D0%BD,Кушитские правители.,нужна виза
Meroe Additional Pyramid 15,Судан,пирамида,~12–22 м,III–I вв. до н.э.,Дополнительная нубийская пирамида в районе Мерое.,https://www.google.com/maps/search/?api=1&query=16.942435%2C33.750899,"16.942435, 33.750899",https://www.google.com/search?tbm=isch&q=Meroe+Additional+Pyramid+15+%D0%A1%D1%83%D0%B4%D0%B0%D0%BD,Кушитские правители.,нужна виза
Meroe Additional Pyramid 16,Судан,пирамида,~12–22 м,III–I вв. до н.э.,Дополнительная нубийская пирамида в районе Мерое.,https://www.google.com/maps/search/?api=1&query=16.940960%2C33.749815,"16.940960, 33.749815",https://www.google.com/search?tbm=isch&q=Meroe+Additional+Pyramid+16+%D0%A1%D1%83%D0%B4%D0%B0%D0%BD,Кушитские правители.,нужна виза
Meroe Additional Pyramid 17,Судан,пирамида,~12–22 м,III–I вв. до н.э.,Дополнительная нубийская пирамида в районе Мерое.,https://www.google.com/maps/search/?api=1&query=16.939490%2C33.748693,"16.939490, 33.748693",https://www.google.com/search?tbm=isch&q=Meroe+Additional+Pyramid+17+%D0%A1%D1%83%D0%B4%D0%B0%D0%BD,Кушитские правители.,нужна виза
Meroe Additional Pyramid 18,Судан,пирамида,~12–22 м,III–I вв. до н.э.,Дополнительная нубийская пирамида в районе Мерое.,https://www.google.com/maps/search/?api=1&query=16.938186%2C33.747603,"16.938186, 33.747603",https://www.google.com/search?tbm=isch&q=Meroe+Additional+Pyramid+18+%D0%A1%D1%83%D0%B4%D0%B0%D0%BD,Кушитские правители.,нужна виза
Meroe Additional Pyramid 19,Судан,пирамида,~12–22 м,III–I вв. до н.э.,Дополнительная нубийская пирамида в районе Мерое.,https://www.google.com/maps/search/?api=1&query=16.937192%2C33.746612,"16.937192, 33.746612",https://www.google.com/search?tbm=isch&q=Meroe+Additional+Pyramid+19+%D0%A1%D1%83%D0%B4%D0%B0%D0%BD,Кушитские правители.,нужна виза
Meroe Additional Pyramid 20,Судан,пирамида,~12–22 м,III–I вв. до н.э.,Дополнительная нубийская пирамида в районе Мерое.,https://www.google.com/maps/search/?api=1&query=16.936617%2C33.745781,"16.936617, 33.745781",https://www.google.com/search?tbm=isch&q=Meroe+Additional+Pyramid+20+%D0%A1%D1%83%D0%B4%D0%B0%D0%BD,Кушитские правители.,нужна виза
Meroe Additional Pyramid 21,Судан,пирамида,~12–22 м,III–I вв. до н.э.,Дополнительная нубийская пирамида в районе Мерое.,https://www.google.com/maps/search/?api=1&query=16.936525%2C33.745164,"16.936525, 33.745164",https://www.google.com/search?tbm=isch&q=Meroe+Additional+Pyramid+21+%D0%A1%D1%83%D0%B4%D0%B0%D0%BD,Кушитские правители.,нужна виза
Meroe Additional Pyramid 22,Судан,пирамида,~12–22 м,III–I вв. до н.э.,Дополнительная нубийская пирамида в районе Мерое.,https://www.google.com/maps/search/?api=1&query=16.936925%2C33.744797,"16.936925, 33.744797",https://www.google.com/search?tbm=isch&q=Meroe+Additional+Pyramid+22+%D0%A1%D1%83%D0%B4%D0%B0%D0%BD,Кушитские правители.,нужна виза
Meroe Additional Pyramid 23,Судан,пирамида,~12–22 м,III–I вв. до н.э.,Дополнительная нубийская пирамида в районе Мерое.,https://www.google.com/maps/search/?api=1&query=16.937774%2C33.744704,"16.937774, 33.744704",https://www.google.com/search?tbm=isch&q=Meroe+Additional+Pyramid+23+%D0%A1%D1%83%D0%B4%D0%B0%D0%BD,Кушитские правители.,нужна виза
Meroe Additional Pyramid 24,Судан,пирамида,~12–22 м,III–I вв. до н.э.,Дополнительная нубийская пирамида в районе Мерое.,https://www.google.com/maps/search/?api=1&query=16.938978%2C33.744891,"16.938978, 33.744891",https://www.google.com/search?tbm=isch&q=Meroe+Additional+Pyramid+24+%D0%A1%D1%83%D0%B4%D0%B0%D0%BD,Кушитские правители.,нужна виза
Meroe Additional Pyramid 25,Судан,пирамида,~12–22 м,III–I вв. до н.э.,Дополнительная нубийская пирамида в районе Мерое.,https://www.google.com/maps/search/?api=1&query=16.940404%2C33.745345,"16.940404, 33.745345",https://www.google.com/search?tbm=isch&q=Meroe+Additional+Pyramid+25+%D0%A1%D1%83%D0%B4%D0%B0%D0%BD,Кушитские правители.,нужна виза
Meroe Additional Pyramid 26,Судан,пирамида,~12–22 м,III–I вв. до н.э.,Дополнительная нубийская пирамида в районе Мерое.,https://www.google.com/maps/search/?api=1&query=16.941897%2C33.746039,"16.941897, 33.746039",https://www.google.com/search?tbm=isch&q=Meroe+Additional+Pyramid+26+%D0%A1%D1%83%D0%B4%D0%B0%D0%BD,Кушитские правители.,нужна виза
Meroe Additional Pyramid 27,Судан,пирамида,~12–22 м,III–I вв. до н.э.,Дополнительная нубийская пирамида в районе Мерое.,https://www.google.com/maps/search/?api=1&query=16.943290%2C33.746930,"16.943290, 33.746930",https://www.google.com/search?tbm=isch&q=Meroe+Additional+Pyramid+27+%D0%A1%D1%83%D0%B4%D0%B0%D0%BD,Кушитские правители.,нужна виза
Meroe Additional Pyramid 28,Судан,пирамида,~12–22 м,III–I вв. до н.э.,Дополнительная нубийская пирамида в районе Мерое.,https://www.google.com/maps/search/?api=1&query=16.944432%2C33.747962,"16.944432, 33.747962",https://www.google.com/search?tbm=isch&q=Meroe+Additional+Pyramid+28+%D0%A1%D1%83%D0%B4%D0%B0%D0%BD,Кушитские правители.,нужна виза
Meroe Additional Pyramid 29,Судан,пирамида,~12–22 м,III–I вв. до н.э.,Дополнительная нубийская пирамида в районе Мерое.,https://www.google.com/maps/search/?api=1&query=16.945195%2C33.749071,"16.945195, 33.749071",https://www.google.com/search?tbm=isch&q=Meroe+Additional+Pyramid+29+%D0%A1%D1%83%D0%B4%D0%B0%D0%BD,Кушитские правители.,нужна виза
Meroe Additional Pyramid 30,Судан,пирамида,~12–22 м,III–I вв. до н.э.,Дополнительная нубийская пирамида в районе Мерое.,https://www.google.com/maps/search/?api=1&query=16.945497%2C33.750187,"16.945497, 33.750187",https://www.google.com/search?tbm=isch&q=Meroe+Additional+Pyramid+30+%D0%A1%D1%83%D0%B4%D0%B0%D0%BD,Кушитские правители.,нужна виза
Meroe Additional Pyramid 31,Судан,пирамида,~12–22 м,III–I вв. до н.э.,Дополнительная нубийская пирамида в районе Мерое.,https://www.google.com/maps/search/?api=1&query=16.945304%2C33.751243,"16.945304, 33.751243",https://www.google.com/search?tbm=isch&q=Meroe+Additional+Pyramid+31+%D0%A1%D1%83%D0%B4%D0%B0%D0%BD,Кушитские правители.,нужна виза
Meroe Additional Pyramid 32,Судан,пирамида,~12–22 м,III–I вв. до н.э.,Дополнительная нубийская пирамида в районе Мерое.,https://www.google.com/maps/search/?api=1&query=16.944637%2C33.752171,"16.944637, 33.752171",https://www.google.com/search?tbm=isch&q=Meroe+Additional+Pyramid+32+%D0%A1%D1%83%D0%B4%D0%B0%D0%BD,Кушитские правители.,нужна виза
Meroe North (Beg. N) Pyramid 1,Судан,пирамида,~10–30 м,III в. до н.э. — IV в. н.э.,Нубийская пирамида с крутым углом наклона.,https://www.google.com/maps/search/?api=1&query=16.941982%2C33.752107,"16.941982, 33.752107",https://www.google.com/search?tbm=isch&q=Meroe+North+%28Beg.+N%29+Pyramid+1+%D0%A1%D1%83%D0%B4%D0%B0%D0%BD,Царство Куш; кандаки.,нужна виза
Meroe North (Beg. N) Pyramid 2,Судан,пирамида,~10–30 м,III в. до н.э. — IV в. н.э.,Нубийская пирамида с крутым углом наклона.,https://www.google.com/maps/search/?api=1&query=16.942855%2C33.751833,"16.942855, 33.751833",https://www.google.com/search?tbm=isch&q=Meroe+North+%28Beg.+N%29+Pyramid+2+%D0%A1%D1%83%D0%B4%D0%B0%D0%BD,Царство Куш; кандаки.,нужна виза
Meroe North (Beg. N) Pyramid 3,Судан,пирамида,~10–30 м,III в. до н.э. — IV в. н.э.,Нубийская пирамида с крутым углом наклона.,https://www.google.com/maps/search/?api=1&query=16.943524%2C33.751395,"16.943524, 33.751395",https://www.google.com/search?tbm=isch&q=Meroe+North+%28Beg.+N%29+Pyramid+3+%D0%A1%D1%83%D0%B4%D0%B0%D0%BD,Царство Куш; кандаки.,нужна виза
Meroe North (Beg. N) Pyramid 4,Судан,пирамида,~10–30 м,III в. до н.э. — IV в. н.э.,Нубийская пирамида с крутым углом наклона.,https://www.google.com/maps/search/?api=1&query=16.943916%2C33.750821,"16.943916, 33.750821",https://www.google.com/search?tbm=isch&q=Meroe+North+%28Beg.+N%29+Pyramid+4+%D0%A1%D1%83%D0%B4%D0%B0%D0%BD,Царство Куш; кандаки.,нужна виза
Meroe North (Beg. N) Pyramid 5,Судан,пирамида,~10–30 м,III в. до н.э. — IV в. н.э.,Нубийская пирамида с крутым углом наклона.,https://www.google.com/maps/search/?api=1&query=16.943986%2C33.750146,"16.943986, 33.750146",https://www.google.com/search?tbm=isch&q=Meroe+North+%28Beg.+N%29+Pyramid+5+%D0%A1%D1%83%D0%B4%D0%B0%D0%BD,Царство Куш; кандаки.,нужна виза
Meroe North (Beg. N) Pyramid 6,Судан,пирамида,~10–30 м,III в. до н.э. — IV в. н.э.,Нубийская пирамида с крутым углом наклона.,https://www.google.com/maps/search/?api=1&query=16.943728%2C33.749412,"16.943728, 33.749412",https://www.google.com/search?tbm=isch&q=Meroe+North+%28Beg.+N%29+Pyramid+6+%D0%A1%D1%83%D0%B4%D0%B0%D0%BD,Царство Куш; кандаки.,нужна виза
Meroe North (Beg. N) Pyramid 7,Судан,пирамида,~10–30 м,III в. до н.э. — IV в. н.э.,Нубийская пирамида с крутым углом наклона.,https://www.google.com/maps/search/?api=1&query=16.943169%2C33.748665,"16.943169, 33.748665",https://www.google.com/search?tbm=isch&q=Meroe+North+%28Beg.+N%29+Pyramid+7+%D0%A1%D1%83%D0%B4%D0%B0%D0%BD,Царство Куш; кандаки.,нужна виза
Meroe North (Beg. N) Pyramid 8,Судан,пирамида,~10–30 м,III в. до н.э. — IV в. н.э.,Нубийская пирамида с крутым углом наклона.,https://www.google.com/maps/search/?api=1&query=16.942372%2C33.747952,"16.942372, 33.747952",https://www.google.com/search?tbm=isch&q=Meroe+North+%28Beg.+N%29+Pyramid+8+%D0%A1%D1%83%D0%B4%D0%B0%D0%BD,Царство Куш; кандаки.,нужна виза
Meroe North (Beg. N) Pyramid 9,Судан,пирамида,~10–30 м,III в. до н.э. — IV в. н.э.,Нубийская пирамида с крутым углом наклона.,https://www.google.com/maps/search/?api=1&query=16.941423%2C33.747315,"16.941423, 33.747315",https://www.google.com/search?tbm=isch&q=Meroe+North+%28Beg.+N%29+Pyramid+9+%D0%A1%D1%83%D0%B4%D0%B0%D0%BD,Царство Куш; кандаки.,нужна виза
Meroe North (Beg. N) Pyramid 10,Судан,пирамида,~10–30 м,III в. до н.э. — IV в. н.э.,Нубийская пирамида с крутым углом наклона.,https://www.google.com/maps/search/?api=1&query=16.940428%2C33.746797,"16.940428, 33.746797",https://www.google.com/search?tbm=isch&q=Meroe+North+%28Beg.+N%29+Pyramid+10+%D0%A1%D1%83%D0%B4%D0%B0%D0%BD,Царство Куш; кандаки.,нужна виза
Meroe North (Beg. N) Pyramid 11,Судан,пирамида,~10–30 м,III в. до н.э. — IV в. н.э.,Нубийская пирамида с крутым углом наклона.,https://www.google.com/maps/search/?api=1&query=16.939496%2C33.746427,"16.939496, 33.746427",https://www.google.com/search?tbm=isch&q=Meroe+North+%28Beg.+N%29+Pyramid+11+%D0%A1%D1%83%D0%B4%D0%B0%D0%BD,Царство Куш; кандаки.,нужна виза
Meroe North (Beg. N) Pyramid 12,Судан,пирамида,~10–30 м,III в. до н.э. — IV в. н.э.,Нубийская пирамида с крутым углом наклона.,https://www.google.com/maps/search/?api=1&query=16.938730%2C33.746230,"16.938730, 33.746230",https://www.google.com/search?tbm=isch&q=Meroe+North+%28Beg.+N%29+Pyramid+12+%D0%A1%D1%83%D0%B4%D0%B0%D0%BD,Царство Куш; кандаки.,нужна виза
Meroe North (Beg. N) Pyramid 13,Судан,пирамида,~10–30 м,III в. до н.э. — IV в. н.э.,Нубийская пирамида с крутым углом наклона.,https://www.google.com/maps/search/?api=1&query=16.938213%2C33.746218,"16.938213, 33.746218",https://www.google.com/search?tbm=isch&q=Meroe+North+%28Beg.+N%29+Pyramid+13+%D0%A1%D1%83%D0%B4%D0%B0%D0%BD,Царство Куш; кандаки.,нужна виза
Meroe North (Beg. N) Pyramid 14,Судан,пирамида,~10–30 м,III в. до н.э. — IV в. н.э.,Нубийская пирамида с крутым углом наклона.,https://www.google.com/maps/search/?api=1&query=16.938003%2C33.746391,"16.938003, 33.746391",https://www.google.com/search?tbm=isch&q=Meroe+North+%28Beg.+N%29+Pyramid+14+%D0%A1%D1%83%D0%B4%D0%B0%D0%BD,Царство Куш; кандаки.,нужна виза
Meroe North (Beg. N) Pyramid 15,Судан,пирамида,~10–30 м,III в. до н.э. — IV в. н.э.,Нубийская пирамида с крутым углом наклона.,https://www.google.com/maps/search/?api=1&query=16.938123%2C33.746738,"16.938123, 33.746738",https://www.google.com/search?tbm=isch&q=Meroe+North+%28Beg.+N%29+Pyramid+15+%D0%A1%D1%83%D0%B4%D0%B0%D0%BD,Царство Куш; кандаки.,нужна виза
Meroe North (Beg. N) Pyramid 16,Судан,пирамида,~10–30 м,III в. до н.э. — IV в. н.э.,Нубийская пирамида с крутым углом наклона.,https://www.google.com/maps/search/?api=1&query=16.938560%2C33.747239,"16.938560, 33.747239",https://www.google.com/search?tbm=isch&q=Meroe+North+%28Beg.+N%29+Pyramid+16+%D0%A1%D1%83%D0%B4%D0%B0%D0%BD,Царство Куш; кандаки.,нужна виза
Meroe North (Beg. N) Pyramid 17,Судан,пирамида,~10–30 м,III в. до н.э. — IV в. н.э.,Нубийская пирамида с крутым углом наклона.,https://www.google.com/maps/search/?api=1&query=16.939265%2C33.747862,"16.939265, 33.747862",https://www.google.com/search?tbm=isch&q=Meroe+North+%28Beg.+N%29+Pyramid+17+%D0%A1%D1%83%D0%B4%D0%B0%D0%BD,Царство Куш; кандаки.,нужна виза
Meroe North (Beg. N) Pyramid 18,Судан,пирамида,~10–30 м,III в. до н.э. — IV в. н.э.,Нубийская пирамида с крутым углом наклона.,https://www.google.com/maps/search/?api=1&query=16.940162%2C33.748568,"16.940162, 33.748568",https://www.google.com/search?tbm=isch&q=Meroe+North+%28Beg.+N%29+Pyramid+18+%D0%A1%D1%83%D0%B4%D0%B0%D0%BD,Царство Куш; кандаки.,нужна виза
Meroe North (Beg. N) Pyramid 19,Судан,пирамида,~10–30 м,III в. до н.э. — IV в. н.э.,Нубийская пирамида с крутым углом наклона.,https://www.google.com/maps/search/?api=1&query=16.941150%2C33.749313,"16.941150, 33.749313",https://www.google.com/search?tbm=isch&q=Meroe+North+%28Beg.+N%29+Pyramid+19+%D0%A1%D1%83%D0%B4%D0%B0%D0%BD,Царство Куш; кандаки.,нужна виза
Meroe North (Beg. N) Pyramid 20,Судан,пирамида,~10–30 м,III в. до н.э. — IV в. н.э.,Нубийская пирамида с крутым углом наклона.,https://www.google.com/maps/search/?api=1&query=16.942122%2C33.750051,"16.942122, 33.750051",https://www.google.com/search?tbm=isch&q=Meroe+North+%28Beg.+N%29+Pyramid+20+%D0%A1%D1%83%D0%B4%D0%B0%D0%BD,Царство Куш; кандаки.,нужна виза
Meroe North (Beg. N) Pyramid 21,Судан,пирамида,~10–30 м,III в. до н.э. — IV в. н.э.,Нубийская пирамида с крутым углом наклона.,https://www.google.com/maps/search/?api=1&query=16.942971%2C33.750736,"16.942971, 33.750736",https://www.google.com/search?tbm=isch&q=Meroe+North+%28Beg.+N%29+Pyramid+21+%D0%A1%D1%83%D0%B4%D0%B0%D0%BD,Царство Куш; кандаки.,нужна виза
Meroe North (Beg. N) Pyramid 22,Судан,пирамида,~10–30 м,III в. до н.э. — IV в. н.э.,Нубийская пирамида с крутым углом наклона.,https://www.google.com/maps/search/?api=1&query=16.943602%2C33.751326,"16.943602, 33.751326",https://www.google.com/search?tbm=isch&q=Meroe+North+%28Beg.+N%29+Pyramid+22+%D0%A1%D1%83%D0%B4%D0%B0%D0%BD,Царство Куш; кандаки.,нужна виза
Meroe North (Beg. N) Pyramid 23,Судан,пирамида,~10–30 м,III в. до н.э. — IV в. н.э.,Нубийская пирамида с крутым углом наклона.,https://www.google.com/maps/search/?api=1&query=16.943948%2C33.751784,"16.943948, 33.751784",https://www.google.com/search?tbm=isch&q=Meroe+North+%28Beg.+N%29+Pyramid+23+%D0%A1%D1%83%D0%B4%D0%B0%D0%BD,Царство Куш; кандаки.,нужна виза
Meroe North (Beg. N) Pyramid 24,Судан,пирамида,~10–30 м,III в. до н.э. — IV в. н.э.,Нубийская пирамида с крутым углом наклона.,https://www.google.com/maps/search/?api=1&query=16.943968%2C33.752081,"16.943968, 33.752081",https://www.google.com/search?tbm=isch&q=Meroe+North+%28Beg.+N%29+Pyramid+24+%D0%A1%D1%83%D0%B4%D0%B0%D0%BD,Царство Куш; кандаки.,нужна виза
Meroe North (Beg. N) Pyramid 25,Судан,пирамида,~10–30 м,III в. до н.э. — IV в. н.э.,Нубийская пирамида с крутым углом наклона.,https://www.google.com/maps/search/?api=1&query=16.943662%2C33.752198,"16.943662, 33.752198",https://www.google.com/search?tbm=isch&q=Meroe+North+%28Beg.+N%29+Pyramid+25+%D0%A1%D1%83%D0%B4%D0%B0%D0%BD,Царство Куш; кандаки.,нужна виза
Meroe North (Beg. N) Pyramid 26,Судан,пирамида,~10–30 м,III в. до н.э. — IV в. н.э.,Нубийская пирамида с крутым углом наклона.,https://www.google.com/maps/search/?api=1&query=16.943063%2C33.752130,"16.943063, 33.752130",https://www.google.com/search?tbm=isch&q=Meroe+North+%28Beg.+N%29+Pyramid+26+%D0%A1%D1%83%D0%B4%D0%B0%D0%BD,Царство Куш; кандаки.,нужна виза
Meroe North (Beg. N) Pyramid 27,Судан,пирамида,~10–30 м,III в. до н.э. — IV в. н.э.,Нубийская пирамида с крутым углом наклона.,https://www.google.com/maps/search/?api=1&query=16.942236%2C33.751879,"16.942236, 33.751879",https://www.google.com/search?tbm=isch&q=Meroe+North+%28Beg.+N%29+Pyramid+27+%D0%A1%D1%83%D0%B4%D0%B0%D0%BD,Царство Куш; кандаки.,нужна виза
Meroe North (Beg. N) Pyramid 28,Судан,пирамида,~10–30 м,III в. до н.э. — IV в. н.э.,Нубийская пирамида с крутым углом наклона.,https://www.google.com/maps/search/?api=1&query=16.941274%2C33.751462,"16.941274, 33.751462",https://www.google.com/search?tbm=isch&q=Meroe+North+%28Beg.+N%29+Pyramid+28+%D0%A1%D1%83%D0%B4%D0%B0%D0%BD,Царство Куш; кандаки.,нужна виза
Meroe North (Beg. N) Pyramid 29,Судан,пирамида,~10–30 м,III в. до н.э. — IV в. н.э.,Нубийская пирамида с крутым углом наклона.,https://www.google.com/maps/search/?api=1&query=16.940281%2C33.750904,"16.940281, 33.750904",https://www.google.com/search?tbm=isch&q=Meroe+North+%28Beg.+N%29+Pyramid+29+%D0%A1%D1%83%D0%B4%D0%B0%D0%BD,Царство Куш; кандаки.,нужна виза
Meroe North (Beg. N) Pyramid 30,Судан,пирамида,~10–30 м,III в. до н.э. — IV в. н.э.,Нубийская пирамида с крутым углом наклона.,https://www.google.com/maps/search/?api=1&query=16.939368%2C33.750240,"16.939368, 33.750240",https://www.google.com/search?tbm=isch&q=Meroe+North+%28Beg.+N%29+Pyramid+30+%D0%A1%D1%83%D0%B4%D0%B0%D0%BD,Царство Куш; кандаки.,нужна виза
Meroe North (Beg. N) Pyramid 31,Судан,пирамида,~10–30 м,III в. до н.э. — IV в. н.э.,Нубийская пирамида с крутым углом наклона.,https://www.google.com/maps/search/?api=1&query=16.938634%2C33.749511,"16.938634, 33.749511",https://www.google.com/search?tbm=isch&q=Meroe+North+%28Beg.+N%29+Pyramid+31+%D0%A1%D1%83%D0%B4%D0%B0%D0%BD,Царство Куш; кандаки.,нужна виза
Meroe North (Beg. N) Pyramid 32,Судан,пирамида,~10–30 м,III в. до н.э. — IV в. н.э.,Нубийская пирамида с крутым углом наклона.,https://www.google.com/maps/search/?api=1&query=16.938161%2C33.748763,"16.938161, 33.748763",https://www.google.com/search?tbm=isch&q=Meroe+North+%28Beg.+N%29+Pyramid+32+%D0%A1%D1%83%D0%B4%D0%B0%D0%BD,Царство Куш; кандаки.,нужна виза
Meroe North (Beg. N) Pyramid 33,Судан,пирамида,~10–30 м,III в. до н.э. — IV в. н.э.,Нубийская пирамида с крутым углом наклона.,https://www.google.com/maps/search/?api=1&query=16.938000%2C33.748043,"16.938000, 33.748043",https://www.google.com/search?tbm=isch&q=Meroe+North+%28Beg.+N%29+Pyramid+33+%D0%A1%D1%83%D0%B4%D0%B0%D0%BD,Царство Куш; кандаки.,нужна виза
Meroe North (Beg. N) Pyramid 34,Судан,пирамида,~10–30 м,III в. до н.э. — IV в. н.э.,Нубийская пирамида с крутым углом наклона.,https://www.google.com/maps/search/?api=1&query=16.938170%2C33.747394,"16.938170, 33.747394",https://www.google.com/search?tbm=isch&q=Meroe+North+%28Beg.+N%29+Pyramid+34+%D0%A1%D1%83%D0%B4%D0%B0%D0%BD,Царство Куш; кандаки.,нужна виза
Meroe North (Beg. N) Pyramid 35,Судан,пирамида,~10–30 м,III в. до н.э. — IV в. н.э.,Нубийская пирамида с крутым углом наклона.,https://www.google.com/maps/search/?api=1&query=16.938651%2C33.746857,"16.938651, 33.746857",https://www.google.com/search?tbm=isch&q=Meroe+North+%28Beg.+N%29+Pyramid+35+%D0%A1%D1%83%D0%B4%D0%B0%D0%BD,Царство Куш; кандаки.,нужна виза
Meroe North (Beg. N) Pyramid 36,Судан,пирамида,~10–30 м,III в. до н.э. — IV в. н.э.,Нубийская пирамида с крутым углом наклона.,https://www.google.com/maps/search/?api=1&query=16.939390%2C33.746467,"16.939390, 33.746467",https://www.google.com/search?tbm=isch&q=Meroe+North+%28Beg.+N%29+Pyramid+36+%D0%A1%D1%83%D0%B4%D0%B0%D0%BD,Царство Куш; кандаки.,нужна виза
Meroe North (Beg. N) Pyramid 37,Судан,пирамида,~10–30 м,III в. до н.э. — IV в. н.э.,Нубийская пирамида с крутым углом наклона.,https://www.google.com/maps/search/?api=1&query=16.940307%2C33.746246,"16.940307, 33.746246",https://www.google.com/search?tbm=isch&q=Meroe+North+%28Beg.+N%29+Pyramid+37+%D0%A1%D1%83%D0%B4%D0%B0%D0%BD,Царство Куш; кандаки.,нужна виза
Meroe North (Beg. N) Pyramid 38,Судан,пирамида,~10–30 м,III в. до н.э. — IV в. н.э.,Нубийская пирамида с крутым углом наклона.,https://www.google.com/maps/search/?api=1&query=16.941300%2C33.746208,"16.941300, 33.746208",https://www.google.com/search?tbm=isch&q=Meroe+North+%28Beg.+N%29+Pyramid+38+%D0%A1%D1%83%D0%B4%D0%B0%D0%BD,Царство Куш; кандаки.,нужна виза
Meroe North (Beg. N) Pyramid 39,Судан,пирамида,~10–30 м,III в. до н.э. — IV в. н.э.,Нубийская пирамида с крутым углом наклона.,https://www.google.com/maps/search/?api=1&query=16.942261%2C33.746357,"16.942261, 33.746357",https://www.google.com/search?tbm=isch&q=Meroe+North+%28Beg.+N%29+Pyramid+39+%D0%A1%D1%83%D0%B4%D0%B0%D0%BD,Царство Куш; кандаки.,нужна виза
Meroe North (Beg. N) Pyramid 40,Судан,пирамида,~10–30 м,III в. до н.э. — IV в. н.э.,Нубийская пирамида с крутым углом наклона.,https://www.google.com/maps/search/?api=1&query=16.943082%2C33.746683,"16.943082, 33.746683",https://www.google.com/search?tbm=isch&q=Meroe+North+%28Beg.+N%29+Pyramid+40+%D0%A1%D1%83%D0%B4%D0%B0%D0%BD,Царство Куш; кандаки.,нужна виза
Meroe South (Beg. S) Pyramid 1,Судан,пирамида,~10–30 м,III в. до н.э. — IV в. н.э.,Нубийская пирамида с крутым углом наклона.,https://www.google.com/maps/search/?api=1&query=16.940018%2C33.751138,"16.940018, 33.751138",https://www.google.com/search?tbm=isch&q=Meroe+South+%28Beg.+S%29+Pyramid+1+%D0%A1%D1%83%D0%B4%D0%B0%D0%BD,Царство Куш; кандаки.,нужна виза
Meroe South (Beg. S) Pyramid 2,Судан,пирамида,~10–30 м,III в. до н.э. — IV в. н.э.,Нубийская пирамида с крутым углом наклона.,https://www.google.com/maps/search/?api=1&query=16.939145%2C33.750955,"16.939145, 33.750955",https://www.google.com/search?tbm=isch&q=Meroe+South+%28Beg.+S%29+Pyramid+2+%D0%A1%D1%83%D0%B4%D0%B0%D0%BD,Царство Куш; кандаки.,нужна виза
Meroe South (Beg. S) Pyramid 3,Судан,пирамида,~10–30 м,III в. до н.э. — IV в. н.э.,Нубийская пирамида с крутым углом наклона.,https://www.google.com/maps/search/?api=1&query=16.938476%2C33.750663,"16.938476, 33.750663",https://www.google.com/search?tbm=isch&q=Meroe+South+%28Beg.+S%29+Pyramid+3+%D0%A1%D1%83%D0%B4%D0%B0%D0%BD,Царство Куш; кандаки.,нужна виза
Meroe South (Beg. S) Pyramid 4,Судан,пирамида,~10–30 м,III в. до н.э. — IV в. н.э.,Нубийская пирамида с крутым углом наклона.,https://www.google.com/maps/search/?api=1&query=16.938084%2C33.750281,"16.938084, 33.750281",https://www.google.com/search?tbm=isch&q=Meroe+South+%28Beg.+S%29+Pyramid+4+%D0%A1%D1%83%D0%B4%D0%B0%D0%BD,Царство Куш; кандаки.,нужна виза
Meroe South (Beg. S) Pyramid 5,Судан,пирамида,~10–30 м,III в. до н.э. — IV в. н.э.,Нубийская пирамида с крутым углом наклона.,https://www.google.com/maps/search/?api=1&query=16.938014%2C33.749831,"16.938014, 33.749831",https://www.google.com/search?tbm=isch&q=Meroe+South+%28Beg.+S%29+Pyramid+5+%D0%A1%D1%83%D0%B4%D0%B0%D0%BD,Царство Куш; кандаки.,нужна виза
Meroe South (Beg. S) Pyramid 6,Судан,пирамида,~10–30 м,III в. до н.э. — IV в. н.э.,Нубийская пирамида с крутым углом наклона.,https://www.google.com/maps/search/?api=1&query=16.938272%2C33.749341,"16.938272, 33.749341",https://www.google.com/search?tbm=isch&q=Meroe+South+%28Beg.+S%29+Pyramid+6+%D0%A1%D1%83%D0%B4%D0%B0%D0%BD,Царство Куш; кандаки.,нужна виза
Meroe South (Beg. S) Pyramid 7,Судан,пирамида,~10–30 м,III в. до н.э. — IV в. н.э.,Нубийская пирамида с крутым углом наклона.,https://www.google.com/maps/search/?api=1&query=16.938831%2C33.748844,"16.938831, 33.748844",https://www.google.com/search?tbm=isch&q=Meroe+South+%28Beg.+S%29+Pyramid+7+%D0%A1%D1%83%D0%B4%D0%B0%D0%BD,Царство Куш; кандаки.,нужна виза
Meroe South (Beg. S) Pyramid 8,Судан,пирамида,~10–30 м,III в. до н.э. — IV в. н.э.,Нубийская пирамида с крутым углом наклона.,https://www.google.com/maps/search/?api=1&query=16.939628%2C33.748368,"16.939628, 33.748368",https://www.google.com/search?tbm=isch&q=Meroe+South+%28Beg.+S%29+Pyramid+8+%D0%A1%D1%83%D0%B4%D0%B0%D0%BD,Царство Куш; кандаки.,нужна виза
Meroe South (Beg. S) Pyramid 9,Судан,пирамида,~10–30 м,III в. до н.э. — IV в. н.э.,Нубийская пирамида с крутым углом наклона.,https://www.google.com/maps/search/?api=1&query=16.940577%2C33.747944,"16.940577, 33.747944",https://www.google.com/search?tbm=isch&q=Meroe+South+%28Beg.+S%29+Pyramid+9+%D0%A1%D1%83%D0%B4%D0%B0%D0%BD,Царство Куш; кандаки.,нужна виза
Meroe South (Beg. S) Pyramid 10,Судан,пирамида,~10–30 м,III в. до н.э. — IV в. н.э.,Нубийская пирамида с крутым углом наклона.,https://www.google.com/maps/search/?api=1&query=16.941572%2C33.747598,"16.941572, 33.747598",https://www.google.com/search?tbm=isch&q=Meroe+South+%28Beg.+S%29+Pyramid+10+%D0%A1%D1%83%D0%B4%D0%B0%D0%BD,Царство Куш; кандаки.,нужна виза
Meroe South (Beg. S) Pyramid 11,Судан,пирамида,~10–30 м,III в. до н.э. — IV в. н.э.,Нубийская пирамида с крутым углом наклона.,https://www.google.com/maps/search/?api=1&query=16.942504%2C33.747351,"16.942504, 33.747351",https://www.google.com/search?tbm=isch&q=Meroe+South+%28Beg.+S%29+Pyramid+11+%D0%A1%D1%83%D0%B4%D0%B0%D0%BD,Царство Куш; кандаки.,нужна виза
Meroe South (Beg. S) Pyramid 12,Судан,пирамида,~10–30 м,III в. до н.э. — IV в. н.э.,Нубийская пирамида с крутым углом наклона.,https://www.google.com/maps/search/?api=1&query=16.943270%2C33.747220,"16.943270, 33.747220",https://www.google.com/search?tbm=isch&q=Meroe+South+%28Beg.+S%29+Pyramid+12+%D0%A1%D1%83%D0%B4%D0%B0%D0%BD,Царство Куш; кандаки.,нужна виза
Meroe South (Beg. S) Pyramid 13,Судан,пирамида,~10–30 м,III в. до н.э. — IV в. н.э.,Нубийская пирамида с крутым углом наклона.,https://www.google.com/maps/search/?api=1&query=16.943787%2C33.747212,"16.943787, 33.747212",https://www.google.com/search?tbm=isch&q=Meroe+South+%28Beg.+S%29+Pyramid+13+%D0%A1%D1%83%D0%B4%D0%B0%D0%BD,Царство Куш; кандаки.,нужна виза
Meroe South (Beg. S) Pyramid 14,Судан,пирамида,~10–30 м,III в. до н.э. — IV в. н.э.,Нубийская пирамида с крутым углом наклона.,https://www.google.com/maps/search/?api=1&query=16.943997%2C33.747327,"16.943997, 33.747327",https://www.google.com/search?tbm=isch&q=Meroe+South+%28Beg.+S%29+Pyramid+14+%D0%A1%D1%83%D0%B4%D0%B0%D0%BD,Царство Куш; кандаки.,нужна виза
Meroe South (Beg. S) Pyramid 15,Судан,пирамида,~10–30 м,III в. до н.э. — IV в. н.э.,Нубийская пирамида с крутым углом наклона.,https://www.google.com/maps/search/?api=1&query=16.943877%2C33.747559,"16.943877, 33.747559",https://www.google.com/search?tbm=isch&q=Meroe+South+%28Beg.+S%29+Pyramid+15+%D0%A1%D1%83%D0%B4%D0%B0%D0%BD,Царство Куш; кандаки.,нужна виза
Meroe South (Beg. S) Pyramid 16,Судан,пирамида,~10–30 м,III в. до н.э. — IV в. н.э.,Нубийская пирамида с крутым углом наклона.,https://www.google.com/maps/search/?api=1&query=16.943440%2C33.747893,"16.943440, 33.747893",https://www.google.com/search?tbm=isch&q=Meroe+South+%28Beg.+S%29+Pyramid+16+%D0%A1%D1%83%D0%B4%D0%B0%D0%BD,Царство Куш; кандаки.,нужна виза
Meroe South (Beg. S) Pyramid 17,Судан,пирамида,~10–30 м,III в. до н.э. — IV в. н.э.,Нубийская пирамида с крутым углом наклона.,https://www.google.com/maps/search/?api=1&query=16.942735%2C33.748308,"16.942735, 33.748308",https://www.google.com/search?tbm=isch&q=Meroe+South+%28Beg.+S%29+Pyramid+17+%D0%A1%D1%83%D0%B4%D0%B0%D0%BD,Царство Куш; кандаки.,нужна виза
Meroe South (Beg. S) Pyramid 18,Судан,пирамида,~10–30 м,III в. до н.э. — IV в. н.э.,Нубийская пирамида с крутым углом наклона.,https://www.google.com/maps/search/?api=1&query=16.941838%2C33.748778,"16.941838, 33.748778",https://www.google.com/search?tbm=isch&q=Meroe+South+%28Beg.+S%29+Pyramid+18+%D0%A1%D1%83%D0%B4%D0%B0%D0%BD,Царство Куш; кандаки.,нужна виза
Meroe South (Beg. S) Pyramid 19,Судан,пирамида,~10–30 м,III в. до н.э. — IV в. н.э.,Нубийская пирамида с крутым углом наклона.,https://www.google.com/maps/search/?api=1&query=16.940850%2C33.749275,"16.940850, 33.749275",https://www.google.com/search?tbm=isch&q=Meroe+South+%28Beg.+S%29+Pyramid+19+%D0%A1%D1%83%D0%B4%D0%B0%D0%BD,Царство Куш; кандаки.,нужна виза
Meroe South (Beg. S) Pyramid 20,Судан,пирамида,~10–30 м,III в. до н.э. — IV в. н.э.,Нубийская пирамида с крутым углом наклона.,https://www.google.com/maps/search/?api=1&query=16.939878%2C33.749767,"16.939878, 33.749767",https://www.google.com/search?tbm=isch&q=Meroe+South+%28Beg.+S%29+Pyramid+20+%D0%A1%D1%83%D0%B4%D0%B0%D0%BD,Царство Куш; кандаки.,нужна виза
Meroe South (Beg. S) Pyramid 21,Судан,пирамида,~10–30 м,III в. до н.э. — IV в. н.э.,Нубийская пирамида с крутым углом наклона.,https://www.google.com/maps/search/?api=1&query=16.939029%2C33.750224,"16.939029, 33.750224",https://www.google.com/search?tbm=isch&q=Meroe+South+%28Beg.+S%29+Pyramid+21+%D0%A1%D1%83%D0%B4%D0%B0%D0%BD,Царство Куш; кандаки.,нужна виза
Meroe South (Beg. S) Pyramid 22,Судан,пирамида,~10–30 м,III в. до н.э. — IV в. н.э.,Нубийская пирамида с крутым углом наклона.,https://www.google.com/maps/search/?api=1&query=16.938398%2C33.750617,"16.938398, 33.750617",https://www.google.com/search?tbm=isch&q=Meroe+South+%28Beg.+S%29+Pyramid+22+%D0%A1%D1%83%D0%B4%D0%B0%D0%BD,Царство Куш; кандаки.,нужна виза
Meroe South (Beg. S) Pyramid 23,Судан,пирамида,~10–30 м,III в. до н.э. — IV в. н.э.,Нубийская пирамида с крутым углом наклона.,https://www.google.com/maps/search/?api=1&query=16.938052%2C33.750922,"16.938052, 33.750922",https://www.google.com/search?tbm=isch&q=Meroe+South+%28Beg.+S%29+Pyramid+23+%D0%A1%D1%83%D0%B4%D0%B0%D0%BD,Царство Куш; кандаки.,нужна виза
Meroe South (Beg. S) Pyramid 24,Судан,пирамида,~10–30 м,III в. до н.э. — IV в. н.э.,Нубийская пирамида с крутым углом наклона.,https://www.google.com/maps/search/?api=1&query=16.938032%2C33.751120,"16.938032, 33.751120",https://www.google.com/search?tbm=isch&q=Meroe+South+%28Beg.+S%29+Pyramid+24+%D0%A1%D1%83%D0%B4%D0%B0%D0%BD,Царство Куш; кандаки.,нужна виза
Meroe South (Beg. S) Pyramid 25,Судан,пирамида,~10–30 м,III в. до н.э. — IV в. н.э.,Нубийская пирамида с крутым углом наклона.,https://www.google.com/maps/search/?api=1&query=16.938338%2C33.751199,"16.938338, 33.751199",https://www.google.com/search?tbm=isch&q=Meroe+South+%28Beg.+S%29+Pyramid+25+%D0%A1%D1%83%D0%B4%D0%B0%D0%BD,Царство Куш; кандаки.,нужна виза
Meroe West (Beg. W) Pyramid 1,Судан,пирамида,~10–30 м,III в. до н.э. — IV в. н.э.,Нубийская пирамида с крутым углом наклона.,https://www.google.com/maps/search/?api=1&query=16.941491%2C33.746778,"16.941491, 33.746778",https://www.google.com/search?tbm=isch&q=Meroe+West+%28Beg.+W%29+Pyramid+1+%D0%A1%D1%83%D0%B4%D0%B0%D0%BD,Царство Куш; кандаки.,нужна виза
Meroe West (Beg. W) Pyramid 2,Судан,пирамида,~10–30 м,III в. до н.э. — IV в. н.э.,Нубийская пирамида с крутым углом наклона.,https://www.google.com/maps/search/?api=1&query=16.941928%2C33.747006,"16.941928, 33.747006",https://www.google.com/search?tbm=isch&q=Meroe+West+%28Beg.+W%29+Pyramid+2+%D0%A1%D1%83%D0%B4%D0%B0%D0%BD,Царство Куш; кандаки.,нужна виза
Meroe West (Beg. W) Pyramid 3,Судан,пирамида,~10–30 м,III в. до н.э. — IV в. н.э.,Нубийская пирамида с крутым углом наклона.,https://www.google.com/maps/search/?api=1&query=16.942262%2C33.747371,"16.942262, 33.747371",https://www.google.com/search?tbm=isch&q=Meroe+West+%28Beg.+W%29+Pyramid+3+%D0%A1%D1%83%D0%B4%D0%B0%D0%BD,Царство Куш; кандаки.,нужна виза
Meroe West (Beg. W) Pyramid 4,Судан,пирамида,~10–30 м,III в. до н.э. — IV в. н.э.,Нубийская пирамида с крутым углом наклона.,https://www.google.com/maps/search/?api=1&query=16.942458%2C33.747849,"16.942458, 33.747849",https://www.google.com/search?tbm=isch&q=Meroe+West+%28Beg.+W%29+Pyramid+4+%D0%A1%D1%83%D0%B4%D0%B0%D0%BD,Царство Куш; кандаки.,нужна виза
Meroe West (Beg. W) Pyramid 5,Судан,пирамида,~10–30 м,III в. до н.э. — IV в. н.э.,Нубийская пирамида с крутым углом наклона.,https://www.google.com/maps/search/?api=1&query=16.942493%2C33.748412,"16.942493, 33.748412",https://www.google.com/search?tbm=isch&q=Meroe+West+%28Beg.+W%29+Pyramid+5+%D0%A1%D1%83%D0%B4%D0%B0%D0%BD,Царство Куш; кандаки.,нужна виза
Meroe West (Beg. W) Pyramid 6,Судан,пирамида,~10–30 м,III в. до н.э. — IV в. н.э.,Нубийская пирамида с крутым углом наклона.,https://www.google.com/maps/search/?api=1&query=16.942364%2C33.749023,"16.942364, 33.749023",https://www.google.com/search?tbm=isch&q=Meroe+West+%28Beg.+W%29+Pyramid+6+%D0%A1%D1%83%D0%B4%D0%B0%D0%BD,Царство Куш; кандаки.,нужна виза
Meroe West (Beg. W) Pyramid 7,Судан,пирамида,~10–30 м,III в. до н.э. — IV в. н.э.,Нубийская пирамида с крутым углом наклона.,https://www.google.com/maps/search/?api=1&query=16.942085%2C33.749646,"16.942085, 33.749646",https://www.google.com/search?tbm=isch&q=Meroe+West+%28Beg.+W%29+Pyramid+7+%D0%A1%D1%83%D0%B4%D0%B0%D0%BD,Царство Куш; кандаки.,нужна виза
Meroe West (Beg. W) Pyramid 8,Судан,пирамида,~10–30 м,III в. до н.э. — IV в. н.э.,Нубийская пирамида с крутым углом наклона.,https://www.google.com/maps/search/?api=1&query=16.941686%2C33.750240,"16.941686, 33.750240",https://www.google.com/search?tbm=isch&q=Meroe+West+%28Beg.+W%29+Pyramid+8+%D0%A1%D1%83%D0%B4%D0%B0%D0%BD,Царство Куш; кандаки.,нужна виза
Meroe West (Beg. W) Pyramid 9,Судан,пирамида,~10–30 м,III в. до н.э. — IV в. н.э.,Нубийская пирамида с крутым углом наклона.,https://www.google.com/maps/search/?api=1&query=16.941212%2C33.750770,"16.941212, 33.750770",https://www.google.com/search?tbm=isch&q=Meroe+West+%28Beg.+W%29+Pyramid+9+%D0%A1%D1%83%D0%B4%D0%B0%D0%BD,Царство Куш; кандаки.,нужна виза
Meroe West (Beg. W) Pyramid 10,Судан,пирамида,~10–30 м,III в. до н.э. — IV в. н.э.,Нубийская пирамида с крутым углом наклона.,https://www.google.com/maps/search/?api=1&query=16.940714%2C33.751203,"16.940714, 33.751203",https://www.google.com/search?tbm=isch&q=Meroe+West+%28Beg.+W%29+Pyramid+10+%D0%A1%D1%83%D0%B4%D0%B0%D0%BD,Царство Куш; кандаки.,нужна виза
Nuri Pyramid 1,Судан,пирамида,~10–25 м,VII–V вв. до н.э.,Пирамиды напатанских царей.,https://www.google.com/maps/search/?api=1&query=18.544259%2C32.000955,"18.544259, 32.000955",https://www.google.com/search?tbm=isch&q=Nuri+Pyramid+1+%D0%A1%D1%83%D0%B4%D0%B0%D0%BD,Тахарка и его преемники.,нужна виза
Nuri Pyramid 2,Судан,пирамида,~10–25 м,VII–V вв. до н.э.,Пирамиды напатанских царей.,https://www.google.com/maps/search/?api=1&query=18.544983%2C32.000281,"18.544983, 32.000281",https://www.google.com/search?tbm=isch&q=Nuri+Pyramid+2+%D0%A1%D1%83%D0%B4%D0%B0%D0%BD,Тахарка и его преемники.,нужна виза
Nuri Pyramid 3,Судан,пирамида,~10–25 м,VII–V вв. до н.э.,Пирамиды напатанских царей.,https://www.google.com/maps/search/?api=1&query=18.545295%2C31.999341,"18.545295, 31.999341",https://www.google.com/search?tbm=isch&q=Nuri+Pyramid+3+%D0%A1%D1%83%D0%B4%D0%B0%D0%BD,Тахарка и его преемники.,нужна виза
Nuri Pyramid 4,Судан,пирамида,~10–25 м,VII–V вв. до н.э.,Пирамиды напатанских царей.,https://www.google.com/maps/search/?api=1&query=18.545119%2C31.998368,"18.545119, 31.998368",https://www.google.com/search?tbm=isch&q=Nuri+Pyramid+4+%D0%A1%D1%83%D0%B4%D0%B0%D0%BD,Тахарка и его преемники.,нужна виза
Nuri Pyramid 5,Судан,пирамида,~10–25 м,VII–V вв. до н.э.,Пирамиды напатанских царей.,https://www.google.com/maps/search/?api=1&query=18.544497%2C31.997598,"18.544497, 31.997598",https://www.google.com/search?tbm=isch&q=Nuri+Pyramid+5+%D0%A1%D1%83%D0%B4%D0%B0%D0%BD,Тахарка и его преемники.,нужна виза
Nuri Pyramid 6,Судан,пирамида,~10–25 м,VII–V вв. до н.э.,Пирамиды напатанских царей.,https://www.google.com/maps/search/?api=1&query=18.543582%2C31.997220,"18.543582, 31.997220",https://www.google.com/search?tbm=isch&q=Nuri+Pyramid+6+%D0%A1%D1%83%D0%B4%D0%B0%D0%BD,Тахарка и его преемники.,нужна виза
Nuri Pyramid 7,Судан,пирамида,~10–25 м,VII–V вв. до н.э.,Пирамиды напатанских царей.,https://www.google.com/maps/search/?api=1&query=18.542598%2C31.997327,"18.542598, 31.997327",https://www.google.com/search?tbm=isch&q=Nuri+Pyramid+7+%D0%A1%D1%83%D0%B4%D0%B0%D0%BD,Тахарка и его преемники.,нужна виза
Nuri Pyramid 8,Судан,пирамида,~10–25 м,VII–V вв. до н.э.,Пирамиды напатанских царей.,https://www.google.com/maps/search/?api=1&query=18.541786%2C31.997893,"18.541786, 31.997893",https://www.google.com/search?tbm=isch&q=Nuri+Pyramid+8+%D0%A1%D1%83%D0%B4%D0%B0%D0%BD,Тахарка и его преемники.,нужна виза
Nuri Pyramid 9,Судан,пирамида,~10–25 м,VII–V вв. до н.э.,Пирамиды напатанских царей.,https://www.google.com/maps/search/?api=1&query=18.541345%2C31.998778,"18.541345, 31.998778",https://www.google.com/search?tbm=isch&q=Nuri+Pyramid+9+%D0%A1%D1%83%D0%B4%D0%B0%D0%BD,Тахарка и его преемники.,нужна виза
Nuri Pyramid 10,Судан,пирамида,~10–25 м,VII–V вв. до н.э.,Пирамиды напатанских царей.,https://www.google.com/maps/search/?api=1&query=18.541382%2C31.999767,"18.541382, 31.999767",https://www.google.com/search?tbm=isch&q=Nuri+Pyramid+10+%D0%A1%D1%83%D0%B4%D0%B0%D0%BD,Тахарка и его преемники.,нужна виза
Nuri Pyramid 11,Судан,пирамида,~10–25 м,VII–V вв. до н.э.,Пирамиды напатанских царей.,https://www.google.com/maps/search/?api=1&query=18.541889%2C32.000617,"18.541889, 32.000617",https://www.google.com/search?tbm=isch&q=Nuri+Pyramid+11+%D0%A1%D1%83%D0%B4%D0%B0%D0%BD,Тахарка и его преемники.,нужна виза
Nuri Pyramid 12,Судан,пирамида,~10–25 м,VII–V вв. до н.э.,Пирамиды напатанских царей.,https://www.google.com/maps/search/?api=1&query=18.542741%2C32.001120,"18.542741, 32.001120",https://www.google.com/search?tbm=isch&q=Nuri+Pyramid+12+%D0%A1%D1%83%D0%B4%D0%B0%D0%BD,Тахарка и его преемники.,нужна виза
Nuri Pyramid 13,Судан,пирамида,~10–25 м,VII–V вв. до н.э.,Пирамиды напатанских царей.,https://www.google.com/maps/search/?api=1&query=18.543730%2C32.001153,"18.543730, 32.001153",https://www.google.com/search?tbm=isch&q=Nuri+Pyramid+13+%D0%A1%D1%83%D0%B4%D0%B0%D0%BD,Тахарка и его преемники.,нужна виза
Nuri Pyramid 14,Судан,пирамида,~10–25 м,VII–V вв. до н.э.,Пирамиды напатанских царей.,https://www.google.com/maps/search/?api=1&query=18.544614%2C32.000708,"18.544614, 32.000708",https://www.google.com/search?tbm=isch&q=Nuri+Pyramid+14+%D0%A1%D1%83%D0%B4%D0%B0%D0%BD,Тахарка и его преемники.,нужна виза
Nuri Pyramid 15,Судан,пирамида,~10–25 м,VII–V вв. до н.э.,Пирамиды напатанских царей.,https://www.google.com/maps/search/?api=1&query=18.545176%2C31.999893,"18.545176, 31.999893",https://www.google.com/search?tbm=isch&q=Nuri+Pyramid+15+%D0%A1%D1%83%D0%B4%D0%B0%D0%BD,Тахарка и его преемники.,нужна виза
Nuri Pyramid 16,Судан,пирамида,~10–25 м,VII–V вв. до н.э.,Пирамиды напатанских царей.,https://www.google.com/maps/search/?api=1&query=18.545279%2C31.998909,"18.545279, 31.998909",https://www.google.com/search?tbm=isch&q=Nuri+Pyramid+16+%D0%A1%D1%83%D0%B4%D0%B0%D0%BD,Тахарка и его преемники.,нужна виза
Nuri Pyramid 17,Судан,пирамида,~10–25 м,VII–V вв. до н.э.,Пирамиды напатанских царей.,https://www.google.com/maps/search/?api=1&query=18.544897%2C31.997996,"18.544897, 31.997996",https://www.google.com/search?tbm=isch&q=Nuri+Pyramid+17+%D0%A1%D1%83%D0%B4%D0%B0%D0%BD,Тахарка и его преемники.,нужна виза
El‑Kurru Pyramid 1,Судан,пирамида,~8–20 м,IX–VII вв. до н.э.,Ранние пирамиды правителей Напаты.,https://www.google.com/maps/search/?api=1&query=18.409719%2C31.783417,"18.409719, 31.783417",https://www.google.com/search?tbm=isch&q=El%E2%80%91Kurru+Pyramid+1+%D0%A1%D1%83%D0%B4%D0%B0%D0%BD,Гробницы предков Пианхи.,нужна виза
El‑Kurru Pyramid 2,Судан,пирамида,~8–20 м,IX–VII вв. до н.э.,Ранние пирамиды правителей Напаты.,https://www.google.com/maps/search/?api=1&query=18.410262%2C31.783179,"18.410262, 31.783179",https://www.google.com/search?tbm=isch&q=El%E2%80%91Kurru+Pyramid+2+%D0%A1%D1%83%D0%B4%D0%B0%D0%BD,Гробницы предков Пианхи.,нужна виза
El‑Kurru Pyramid 3,Судан,пирамида,~8–20 м,IX–VII вв. до н.э.,Ранние пирамиды правителей Напаты.,https://www.google.com/maps/search/?api=1&query=18.410496%2C31.782810,"18.410496, 31.782810",https://www.google.com/search?tbm=isch&q=El%E2%80%91Kurru+Pyramid+3+%D0%A1%D1%83%D0%B4%D0%B0%D0%BD,Гробницы предков Пианхи.,нужна виза
El‑Kurru Pyramid 4,Судан,пирамида,~8–20 м,IX–VII вв. до н.э.,Ранние пирамиды правителей Напаты.,https://www.google.com/maps/search/?api=1&query=18.410364%2C31.782353,"18.410364, 31.782353",https://www.google.com/search?tbm=isch&q=El%E2%80%91Kurru+Pyramid+4+%D0%A1%D1%83%D0%B4%D0%B0%D0%BD,Гробницы предков Пианхи.,нужна виза
El‑Kurru Pyramid 5,Судан,пирамида,~8–20 м,IX–VII вв. до н.э.,Ранние пирамиды правителей Напаты.,https://www.google.com/maps/search/?api=1&query=18.409898%2C31.781856,"18.409898, 31.781856",https://www.google.com/search?tbm=isch&q=El%E2%80%91Kurru+Pyramid+5+%D0%A1%D1%83%D0%B4%D0%B0%D0%BD,Гробницы предков Пианхи.,нужна виза
El‑Kurru Pyramid 6,Судан,пирамида,~8–20 м,IX–VII вв. до н.э.,Ранние пирамиды правителей Напаты.,https://www.google.com/maps/search/?api=1&query=18.409212%2C31.781376,"18.409212, 31.781376",https://www.google.com/search?tbm=isch&q=El%E2%80%91Kurru+Pyramid+6+%D0%A1%D1%83%D0%B4%D0%B0%D0%BD,Гробницы предков Пианхи.,нужна виза
El‑Kurru Pyramid 7,Судан,пирамида,~8–20 м,IX–VII вв. до н.э.,Ранние пирамиды правителей Напаты.,https://www.google.com/maps/search/?api=1&query=18.408474%2C31.780964,"18.408474, 31.780964",https://www.google.com/search?tbm=isch&q=El%E2%80%91Kurru+Pyramid+7+%D0%A1%D1%83%D0%B4%D0%B0%D0%BD,Гробницы предков Пианхи.,нужна виза
El‑Kurru Pyramid 8,Судан,пирамида,~8–20 м,IX–VII вв. до н.э.,Ранние пирамиды правителей Напаты.,https://www.google.com/maps/search/?api=1&query=18.407865%2C31.780666,"18.407865, 31.780666",https://www.google.com/search?tbm=isch&q=El%E2%80%91Kurru+Pyramid+8+%D0%A1%D1%83%D0%B4%D0%B0%D0%BD,Гробницы предков Пианхи.,нужна виза
El‑Kurru Pyramid 9,Судан,пирамида,~8–20 м,IX–VII вв. до н.э.,Ранние пирамиды правителей Напаты.,https://www.google.com/maps/search/?api=1&query=18.407534%2C31.780515,"18.407534, 31.780515",https://www.google.com/search?tbm=isch&q=El%E2%80%91Kurru+Pyramid+9+%D0%A1%D1%83%D0%B4%D0%B0%D0%BD,Гробницы предков Пианхи.,нужна виза
El‑Kurru Pyramid 10,Судан,пирамида,~8–20 м,IX–VII вв. до н.э.,Ранние пирамиды правителей Напаты.,https://www.google.com/maps/search/?api=1&query=18.407562%2C31.780527,"18.407562, 31.780527",https://www.google.com/search?tbm=isch&q=El%E2%80%91Kurru+Pyramid+10+%D0%A1%D1%83%D0%B4%D0%B0%D0%BD,Гробницы предков Пианхи.,нужна виза
El‑Kurru Pyramid 11,Судан,пирамида,~8–20 м,IX–VII вв. до н.э.,Ранние пирамиды правителей Напаты.,https://www.google.com/maps/search/?api=1&query=18.407942%2C31.780702,"18.407942, 31.780702",https://www.google.com/search?tbm=isch&q=El%E2%80%91Kurru+Pyramid+11+%D0%A1%D1%83%D0%B4%D0%B0%D0%BD,Гробницы предков Пианхи.,нужна виза
Царский курган (Керчь),Украина,курган,~8–20 м,IV–III вв. до н.э.,Знаковый скифский курган региона.,https://www.google.com/maps/search/?api=1&query=45.357600%2C36.474300,"45.357600, 36.474300",https://www.google.com/search?tbm=isch&q=%D0%A6%D0%B0%D1%80%D1%81%D0%BA%D0%B8%D0%B9+%D0%BA%D1%83%D1%80%D0%B3%D0%B0%D0%BD+%28%D0%9A%D0%B5%D1%80%D1%87%D1%8C%29+%D0%A3%D0%BA%D1%80%D0%B0%D0%B8%D0%BD%D0%B0,Скифская знать.,без виз
Курган Куль‑Оба (Керчь),Украина,курган,~8–20 м,IV–III вв. до н.э.,Знаковый скифский курган региона.,https://www.google.com/maps/search/?api=1&query=45.373000%2C36.537000,"45.373000, 36.537000",https://www.google.com/search?tbm=isch&q=%D0%9A%D1%83%D1%80%D0%B3%D0%B0%D0%BD+%D0%9A%D1%83%D0%BB%D1%8C%E2%80%91%D0%9E%D0%B1%D0%B0+%28%D0%9A%D0%B5%D1%80%D1%87%D1%8C%29+%D0%A3%D0%BA%D1%80%D0%B0%D0%B8%D0%BD%D0%B0,Скифская знать.,без виз
Солоха (Запорожская обл.),Украина,курган,~8–20 м,IV–III вв. до н.э.,Знаковый скифский курган региона.,https://www.google.com/maps/search/?api=1&query=47.446000%2C34.593000,"47.446000, 34.593000",https://www.google.com/search?tbm=isch&q=%D0%A1%D0%BE%D0%BB%D0%BE%D1%85%D0%B0+%28%D0%97%D0%B0%D0%BF%D0%BE%D1%80%D0%BE%D0%B6%D1%81%D0%BA%D0%B0%D1%8F+%D0%BE%D0%B1%D0%BB.%29+%D0%A3%D0%BA%D1%80%D0%B0%D0%B8%D0%BD%D0%B0,Скифская знать.,без виз
Толстая Могила (Днепропетровская обл.),Украина,курган,~8–20 м,IV–III вв. до н.э.,Знаковый скифский курган региона.,https://www.google.com/maps/search/?api=1&query=48.619000%2C35.441000,"48.619000, 35.441000",https://www.google.com/search?tbm=isch&q=%D0%A2%D0%BE%D0%BB%D1%81%D1%82%D0%B0%D1%8F+%D0%9C%D0%BE%D0%B3%D0%B8%D0%BB%D0%B0+%28%D0%94%D0%BD%D0%B5%D0%BF%D1%80%D0%BE%D0%BF%D0%B5%D1%82%D1%80%D0%BE%D0%B2%D1%81%D0%BA%D0%B0%D1%8F+%D0%BE%D0%B1%D0%BB.%29+%D0%A3%D0%BA%D1%80%D0%B0%D0%B8%D0%BD%D0%B0,Скифская знать.,без виз
Чертомлык (Никопольский р‑н),Украина,курган,~8–20 м,IV–III вв. до н.э.,Знаковый скифский курган региона.,https://www.google.com/maps/search/?api=1&query=47.579000%2C34.387000,"47.579000, 34.387000",https://www.google.com/search?tbm=isch&q=%D0%A7%D0%B5%D1%80%D1%82%D0%BE%D0%BC%D0%BB%D1%8B%D0%BA+%28%D0%9D%D0%B8%D0%BA%D0%BE%D0%BF%D0%BE%D0%BB%D1%8C%D1%81%D0%BA%D0%B8%D0%B9+%D1%80%E2%80%91%D0%BD%29+%D0%A3%D0%BA%D1%80%D0%B0%D0%B8%D0%BD%D0%B0,Скифская знать.,без виз
Александропольский курган,Украина,курган,~8–20 м,IV–III вв. до н.э.,Знаковый скифский курган региона.,https://www.google.com/maps/search/?api=1&query=48.382000%2C35.166000,"48.382000, 35.166000",https://www.google.com/search?tbm=isch&q=%D0%90%D0%BB%D0%B5%D0%BA%D1%81%D0%B0%D0%BD%D0%B4%D1%80%D0%BE%D0%BF%D0%BE%D0%BB%D1%8C%D1%81%D0%BA%D0%B8%D0%B9+%D0%BA%D1%83%D1%80%D0%B3%D0%B0%D0%BD+%D0%A3%D0%BA%D1%80%D0%B0%D0%B8%D0%BD%D0%B0,Скифская знать.,без виз
Гайманова Могила (Запорожская обл.),Украина,курган,~8–20 м,IV–III вв. до н.э.,Знаковый скифский курган региона.,https://www.google.com/maps/search/?api=1&query=47.222000%2C35.731000,"47.222000, 35.731000",https://www.google.com/search?tbm=isch&q=%D0%93%D0%B0%D0%B9%D0%BC%D0%B0%D0%BD%D0%BE%D0%B2%D0%B0+%D0%9C%D0%BE%D0%B3%D0%B8%D0%BB%D0%B0+%28%D0%97%D0%B0%D0%BF%D0%BE%D1%80%D0%BE%D0%B6%D1%81%D0%BA%D0%B0%D1%8F+%D0%BE%D0%B1%D0%BB.%29+%D0%A3%D0%BA%D1%80%D0%B0%D0%B8%D0%BD%D0%B0,Скифская знать.,без виз
Огуз (Херсонская обл.),Украина,курган,~8–20 м,IV–III вв. до н.э.,Знаковый скифский курган региона.,https://www.google.com/maps/search/?api=1&query=46.685000%2C32.693000,"46.685000, 32.693000",https://www.google.com/search?tbm=isch&q=%D0%9E%D0%B3%D1%83%D0%B7+%28%D0%A5%D0%B5%D1%80%D1%81%D0%BE%D0%BD%D1%81%D0%BA%D0%B0%D1%8F+%D0%BE%D0%B1%D0%BB.%29+%D0%A3%D0%BA%D1%80%D0%B0%D0%B8%D0%BD%D0%B0,Скифская знать.,без виз
Мельгуновский курган (Лысая Гора),Украина,курган,~8–20 м,IV–III вв. до н.э.,Знаковый скифский курган региона.,https://www.google.com/maps/search/?api=1&query=48.499000%2C32.271000,"48.499000, 32.271000",https://www.google.com/search?tbm=isch&q=%D0%9C%D0%B5%D0%BB%D1%8C%D0%B3%D1%83%D0%BD%D0%BE%D0%B2%D1%81%D0%BA%D0%B8%D0%B9+%D0%BA%D1%83%D1%80%D0%B3%D0%B0%D0%BD+%28%D0%9B%D1%8B%D1%81%D0%B0%D1%8F+%D0%93%D0%BE%D1%80%D0%B0%29+%D0%A3%D0%BA%D1%80%D0%B0%D0%B8%D0%BD%D0%B0,Скифская знать.,без виз
Неаполь Скифский (некрополь),Украина,курган,~8–20 м,IV–III вв. до н.э.,Знаковый скифский курган региона.,https://www.google.com/maps/search/?api=1&query=44.941700%2C34.083100,"44.941700, 34.083100",https://www.google.com/search?tbm=isch&q=%D0%9D%D0%B5%D0%B0%D0%BF%D0%BE%D0%BB%D1%8C+%D0%A1%D0%BA%D0%B8%D1%84%D1%81%D0%BA%D0%B8%D0%B9+%28%D0%BD%D0%B5%D0%BA%D1%80%D0%BE%D0%BF%D0%BE%D0%BB%D1%8C%29+%D0%A3%D0%BA%D1%80%D0%B0%D0%B8%D0%BD%D0%B0,Скифская знать.,без виз
Золотой курган (Крым),Украина (Крым),курган,~8–20 м,IV–III вв. до н.э.,Знаковый скифский курган региона.,https://www.google.com/maps/search/?api=1&query=45.380000%2C36.600000,"45.380000, 36.600000",https://www.google.com/search?tbm=isch&q=%D0%97%D0%BE%D0%BB%D0%BE%D1%82%D0%BE%D0%B9+%D0%BA%D1%83%D1%80%D0%B3%D0%B0%D0%BD+%28%D0%9A%D1%80%D1%8B%D0%BC%29+%D0%A3%D0%BA%D1%80%D0%B0%D0%B8%D0%BD%D0%B0+%28%D0%9A%D1%80%D1%8B%D0%BC%29,Скифская знать.,без виз
